;Romane_S1;FannyD_S1;Chloe;ElisaL;Pauline;Aline;Morgan_s1;AgatheD;ElisaE;Marie;CamilleP;NolwennG;mathilde;Antoine;Romane_S2;ElisaL_S2;Chloe_s2;Morgan_s2;FannyD_S2;Marie_s2;AgatheD_S2;ElisaE_S2;Nolwenn_S2;CamilleP_S2;Mathilde_S2;Pauline_S2;Antoine_S2;Aline_S2;ChloeF;Thibault
Nestle_70;doux, sucre, pas amer, pas acide;aromatique, sucre, legere amertume, fruite, doux, chocolat patissier;Reche, apre, cassant, amer, insistant;Amer, sucre, cacaote;fruite, sucre, bon;acidule, peu amer, notes de fruit;sucre, moins amer, gout fruite;cacao , neutre, patisserie;sucre, doux, peu chocolate;noisette, cafe, lacte;doux, neutre, peu amer, odeur lait;gras, sucre, lait;tres doux, pas amer sucre, croustilllant;assez amer, doux en bouche, reche sur le palais;sucre, peu amer;Amer, sucre, aromatique, long en bouche;Doux, sucre, agreable, ecoeurant;fruite,agrume,sucre,doux;sucre, doux, gras, cacaote, fruite;doux, lacte, sucre, gourmand;beurre, neutre, classique;neutre, fade, peu chocolate;gras, lait, beurre, sucre, doux;doux, odeur neutre, peu amer;lait, doux croustillant;sucre, vanille, doux;assez sucre, gout classique, peu amer;fruite, acidule, long en bouche;acide,fort en cacao;fort
Nestle_80;doux, sucre, pas amer, pas acide;peu aromatique, amer, corse, fort, longueur en bouche (astringence);Acide, piquant, fort;Amer, sucre, cacaote;fruite, sucre, bon;amer, peu sucre, fort en cacao;fort en cacao, amer, peu sucre;sucre, enfants, douceureux;peu de longueur, equilibre, fin;torrifie, fort, apre;odeur neutre, cacao, peu amer;gras, sucre, lait;amer, peu sucre, gout fort en cacao;assez sucre, gout de pain au chocolat;legerement amer;Amer, sucre, aromatique, long en bouche;Acide, piquant, reche, dur;amer,fort en cacao, gout de caramel;epice, corse, apre, longueu en bouche;noisette, cafe, original, doux;beurre, neutre, classique;sucre, equilibre, doux;gras, lait, beurre, sucre, doux;doux, odeur neutre, peu amer;tres amer, cacao;fruite, doux, sucre;doux en bouche, peu amer;fort en cacao, acidule, amer;acide,fort en cacao;amer
bioVillage_74;particulier, sucre;aromatique, sucre, legere amertume, fruite, doux, chocolat patissier;Chocolate, piquant, acide, pointu, insistant;Amer, sucre, cacaote;original, alcool, fort en cacao;acidule, assez sucre, touches alcool;gout liquoreux;acide, fort arriere gout, fermente, pas bon;longueur en bouche, amertume, persistance;sucre, rond, gourmand, lacte;forte odeur cacao, amer, acide, fruite, cacao;tres amer, cacao, arriere gout, fort, puissant, astringeant;gout de liqueur;peu amer,peu sucre, dure peu en bouche;legerement amer;Tres amer, apre, cacaote;Acide, piquant, reche, dur;amer, long en bouche, gout de liqueur;apre, fortement cacaote, amer, longueur en bouche, fort;Amer, fort, legerement lacte, apre;acide, fruite;cacaote, fruite;classique, neutre, patisserie, sucre;amer, classique, neutre;liquoreux;alcool, original, sucre;assez sucre, gout classique, peu amer;alcool, acidule, long en bouche;acide;amer
Repere_85;fort, amer, concentre;peu aromatique, gras, epice, longueur en bouche, boise, moyenne amertume;Doux, sucre, vanille, agreable, ecoeurant;Tres amer, pateux, apre;amer, peu sucre, sec;amer, peu sucre, fort en cacao;fort en cacao, amer, peu sucre;amer, fort, cacao, non sucre;peu de longueur, equilibre, fin;torrifie, fort, apre;forte odeur cacao, amer, acide, fruite, cacao;fruite, aromatise, alcool, parfume;amer, peu sucre, gout fort en cacao;tres epais, dure en bouche, gout fruite;legerement amer;Amer, sucre, aromatique, long en bouche;Amer, piquant, apre, reche;collant puissant long en bouche amer fort en cacao croquant;apre, fortement cacaote, amer, longueur en bouche, fort;torrifie, cacaote, amer;amer, non sucre;aromatique, puissant, longueur en bouche, amer;amer, puissant, fort, peu sucre, cacao, astringent;amer, forte odeur cacao, noir, astringent, cacao;amer, amande, gras;amer, sec, peu sucre;tres epais, tres sucre;tres amer, fort en cacao, astringeant;amer, fort en cacao;acide
Lindt_70;amer, sucre, acide;aromatique, sucre, legere amertume, fruite, doux, chocolat patissier;Doux, sucre, vanille, agreable, ecoeurant;Tres amer, pateux, apre;fruite, sucre, bon;acidule, peu amer, notes de fruit;sucre, moins amer, gout fruite;cacao , neutre, patisserie;longueur en bouche, amertume, persistance;legerement amer, lacte, doux;odeur neutre, cacao, peu amer;sucre, equilibre, classique;acide;peu amer,peu sucre, dure peu en bouche;tres amer, concentre en cacao;Sucre, enfant, doux, gourmand;Acide, piquant, reche, dur;fuite,agrume,sucre,doux;sucre, doux, gras, cacaote, fruite;doux, lacte, sucre, gourmand;acide, fruite;aromatique, puissant, longueur en bouche, amer;classique, neutre, patisserie, sucre;doux, odeur neutre, peu amer;acide;fruite, doux, sucre;doux en bouche, peu amer;fruite, acidule, long en bouche;acide,fort en cacao;fade
Repere_72;doux, sucre, pas amer, pas acide;aromatique, sucre, legere amertume, fruite, doux, chocolat patissier;Doux, sucre, vanille, agreable, ecoeurant;Doux, sucre, absence amertume, gourmand;original, alcool, fort en cacao;peu cacaote, peu amer, tres sucre;gout sucre, praline;sucre, enfants, douceureux;peu de longueur, equilibre, fin;noisette, cafe, lacte;sucre, gout lait, pas amer, bas prix, lait odeur;gras, sucre, lait;amer, peu sucre, gout fort en cacao;gout fruite, tres sucre, dure peu en bouche;sucre, lait;Sucre, enfant, doux, gourmand;Doux, sucre, agreable, ecoeurant;gout de lait,sucre,doux,gourmand,fondant;sucre, doux, gras, cacaote, fruite;noisette, cafe, original, doux;douceureux, enfant, sucre;sucre, equilibre, doux;classique, neutre, patisserie, sucre;odeur lait, gout lait, sucre, bas de gamme;amer, amande, gras;sucre, vanille, doux;tres sucre, ecoeurant, rapide en bouche;sucre, bon, peu cacaote;sucre;fade
Lindt_78;amer, sucre, acide;peu aromatique, gras, epice, longueur en bouche, boise, moyenne amertume;Reche, apre, cassant, amer, insistant;Doux, sucre, absence amertume, gourmand;amer, peu sucre, sec;amer, peu sucre, fort en cacao;fort en cacao, amer, peu sucre;cacao , neutre, patisserie;sucre, doux, peu chocolate;torrifie, fort, apre;doux, neutre, peu amer, odeur lait;sucre, equilibre, classique;tres doux, amer, sucre;assez sucre, gout de pain au chocolat;sucre, peu amer;Tres amer, apre, cacaote;Acide, piquant, reche, dur;collant puissant long en bouche amer fort en cacao croquant;epice, corse, apre, longueu en bouche;Amer, fort, legerement lacte, apre;beurre, neutre, classique;neutre, fade, peu chocolate;gras, lait, beurre, sucre, doux;amer, classique, neutre;lait, doux;amer, sec, peu sucre;doux en bouche, peu amer;fort en cacao, acidule, amer;sucre;amer
CotedOr_70;fort, amer, concentre;aromatique, sucre, legere amertume, fruite, doux, chocolat patissier;Acide, piquant, fort;Doux, sucre, absence amertume, gourmand;amer, sucre, doux;acidule, peu amer, notes de fruit;sucre, moins amer, gout fruite;acide, fort arriere gout, fermente, pas bon;cacaote, puissant, aromatique;legerement amer, lacte, doux;forte odeur cacao, amer, noir, cacao;sucre, equilibre, classique;acide;assez amer, doux en bouche, reche sur le palais;tres amer, concentre en cacao;Amer, sucre, aromatique, long en bouche;Doux, sucre, agreable, ecoeurant;fruite,agrume,sucre,doux;sucre, doux, gras, cacaote, fruite;doux, lacte, sucre, gourmand;acide, fruite;cacaote, fruite;classique, neutre, patisserie, sucre;acide, fruite, cacao, frais;acide;alcool, original, sucre;texture douce, long en bouche;alcool, acidule, long en bouche;acide;acide
Lindt_85;fort, amer, concentre;aromatique, sucre, legere amertume, fruite, doux, chocolat patissier;Reche, apre, cassant, amer, insistant;Tres amer, pateux, apre;amer, peu sucre, sec;tres amer, peu sucre, tres fort en cacao;fort en cacao, amer, peu sucre;amer, fort, cacao, non sucre;longueur en bouche, amertume, persistance;tres amer, fort, apre, agressif;odeur neutre, cacao, peu amer;tres amer, cacao, arriere gout, fort, puissant, astringeant;tres amer, tres peu sucre;assez amer, doux en bouche, reche sur le palais;tres amer, concentre en cacao;Tres amer, apre, cacaote;Amer, piquant, apre, reche;collant puissant long en bouche amer fort en cacao croquant;epice, corse, apre, longueu en bouche;amer, apre, fort, agressif;amer, non sucre;sucre, equilibre, doux;amer, puissant, fort, peu sucre, cacao, astringent;amer, forte odeur cacao, noir, astringent, cacao;tres amer, cacao;amer, sec, peu sucre;tres amer, gout tres prononce;gout vegetal, astringeant, amer;amer, fort en cacao;amer
Cemoi_72;particulier, sucre;peu aromatique, gras, epice, longueur en bouche, boise, moyenne amertume;Chocolate, piquant, acide, pointu, insistant;Amer, sucre, cacaote;original, alcool, fort en cacao;acidule, assez sucre, touches alcool;gout liquoreux;sucre, enfants, douceureux;cacaote, puissant, aromatique;legerement amer, lacte, doux;forte odeur cacao, amer, noir, cacao;fruite, aromatise, alcool, parfume;gout de liqueur;peu amer,peu sucre, dure peu en bouche;tres amer, concentre en cacao;Amer, sucre, aromatique, long en bouche;Acide, piquant, reche, dur;amer,long en bouche, gout de liqueur;apre, fortement cacaote, amer, longueur en bouche, fort;Amer, sale, fort;acide, fruite;cacaote, fruite;parfume, alcool, fruite;acide, fruite, cacao, frais;liquoreux;alcool, original, sucre;texture douce, long en bouche;fruite, acidule, long en bouche;acide;acide
