;Jilber_PREF;Laura.G_PREF;Maria_PREF;Amandine_PREF;Marta_PREF;Karen_PREF;Roser_PREF;Laura.A_PREF;Carlos_PREF;Noe_PREF;Patricia_PREF;Miriam_PREF;Mila_PREF;Elvira_PREF;Nadia_PREF;Raimon_PREF;Josep_PREF;Daria_PREF;Fran�ois_PREF;Amanda_PREF
Hacendado-Negro(55%);4;0;8;0;3;8;2;9;9;0;8;2;7;1;3;3;9;8;0;10
Hacendado-Negro(72%);9;9;7;9;6;6;7;6;6;10;8;8.5;7;7;8;10;8;6;4;5
Hacendado-Negro(85%);1;5;4;7;8;1;4;3;1;6;5;6.5;0;4;7;7;0;5;8;4
Lindt-Extra Fino(70%);6;8;6;8;4;5;3;7;2;5;6;9;3;7;8;8;2;6;0;3
Lindt-Extra Fino(85%);0;3;5;1;7;0;1;0;2;3;2;7;0;3;6;7;1;1;6;1
Lindt-Negro Suave(70%);5;6;7;4;10;4;3;6;7;9;7;8.5;7;8;10;3;8;6;4;5
Valrhona-ABINAO (85%);2;5;4;1;10;0;2;2;4;5;2;6;3;2;6;7;3;5;3;2
Valrhona-CARAIBE (66%);10;7;7;1;6;3;7;9;7;7;7;7.5;3;6;8;8;5;7;2;8
Valrhona-Guanaja (70%);7;7;6;4;4;4;5;7;8;6;6;3;3;5;8;4;6;7;0;7
Valrhona-MANJARI (64%);3;9;6;5;7;7;6;8;8;7;6;4;3;4;5;8;8;9;1;6
