Consommateur;Produit;Appréciation;Ferme;Juteux;Sucré;Amer;Odeur intense;Acide;Croquant;Goûteux;Granuleux;Mou;Sans odeur;Sans goût;Farineux;Goût de pomme;Astringent
1;106;8;1;0;0;0;0;1;1;0;0;0;0;0;0;0;0
1;257;3;0;0;0;0;0;0;1;0;0;0;0;0;0;0;0
1;366;7;0;1;0;0;0;0;1;1;0;0;0;0;0;0;0
1;548;6;0;0;0;0;0;0;1;0;0;0;0;0;0;0;0
1;992;3;0;0;0;0;0;0;0;0;0;0;0;0;1;0;0
1;Ideal;;0;1;0;0;0;0;1;1;0;0;0;0;0;1;0
2;106;9;1;1;0;0;0;1;1;1;0;0;0;0;0;1;0
2;257;5;1;1;1;0;1;0;1;1;0;0;0;0;0;0;0
2;366;4;0;1;0;0;0;0;0;0;0;0;1;0;1;0;0
2;548;7;1;1;0;0;1;1;1;1;0;0;0;0;0;1;0
2;992;3;0;0;1;0;0;0;0;0;1;1;0;0;1;0;0
2;Ideal;;1;1;0;0;1;1;1;1;0;0;0;0;0;1;0
3;106;3;1;0;0;0;0;1;0;0;0;0;1;0;0;0;0
3;257;8;1;1;0;0;0;0;1;1;0;0;1;0;0;1;0
3;366;5;1;1;0;0;0;0;0;0;0;0;1;0;0;0;0
3;548;8;1;1;0;0;0;0;1;0;0;0;1;0;0;1;0
3;992;1;0;0;0;0;0;0;0;0;0;1;1;0;1;0;0
3;Ideal;;1;1;0;0;0;0;1;1;0;0;0;0;0;1;0
4;106;7;1;1;1;0;0;1;0;1;0;0;0;0;0;0;0
4;257;9;1;1;1;0;0;1;1;1;0;0;1;0;0;1;0
4;366;6;0;1;1;0;0;0;0;0;0;0;0;0;1;0;0
4;548;9;1;1;1;0;0;1;1;0;0;0;1;0;0;1;0
4;992;2;0;0;0;0;0;0;0;0;1;1;0;0;1;0;0
4;Ideal;;1;1;1;0;0;1;1;1;0;0;0;0;0;1;0
5;106;5;1;1;0;0;0;1;1;0;0;0;0;0;0;0;0
5;257;7;1;0;1;0;1;1;1;1;0;0;0;0;0;1;0
5;366;4;0;0;0;0;0;0;0;0;0;1;0;1;1;0;0
5;548;6;1;1;0;0;0;1;1;0;0;0;0;0;0;0;0
5;992;4;0;0;0;0;0;0;0;0;1;1;1;0;1;0;0
5;Ideal;;1;1;1;0;0;1;1;1;0;0;0;0;0;1;0
6;106;1;0;0;0;1;0;1;0;0;0;0;0;0;0;0;0
6;257;1;0;0;0;1;0;1;0;0;0;0;0;1;0;0;0
6;366;9;0;1;0;0;0;0;0;1;0;1;0;0;0;1;0
6;548;5;0;0;0;0;0;1;0;0;0;0;0;1;0;0;0
6;992;9;0;1;1;0;0;0;0;1;0;1;0;0;0;1;0
6;Ideal;;0;1;1;0;0;0;0;1;0;1;0;0;1;0;0
7;106;5;1;1;0;1;0;1;1;0;0;0;0;0;0;0;1
7;257;9;1;1;1;0;1;1;1;0;0;0;0;0;0;1;0
7;366;6;0;0;1;0;0;1;0;1;0;0;0;0;0;0;0
7;548;6;1;1;1;0;0;0;1;0;0;0;0;1;0;0;0
7;992;2;0;0;1;0;0;0;0;0;1;1;0;1;1;0;0
7;Ideal;;1;1;1;0;1;1;1;1;0;0;0;0;0;1;0
8;106;6;0;1;0;0;0;1;0;0;0;0;0;0;0;0;0
8;257;8;1;1;1;0;0;1;1;1;0;0;0;0;0;1;0
8;366;6;1;1;1;0;0;0;1;1;0;0;0;0;0;1;0
8;548;4;0;0;0;0;0;0;0;0;0;0;0;1;0;0;1
8;992;3;0;0;0;0;0;0;0;0;1;1;0;0;1;0;0
8;Ideal;;1;1;1;0;0;1;1;1;0;0;0;0;0;1;0
9;106;2;0;0;0;1;0;0;1;0;0;0;0;1;0;0;0
9;257;8;1;0;0;0;0;1;1;1;0;0;0;0;0;0;0
9;366;7;0;1;1;0;0;0;0;0;0;1;0;0;1;0;0
9;548;6;0;1;0;0;0;0;1;1;0;0;0;0;0;1;0
9;992;9;0;1;1;0;0;0;0;1;0;0;0;0;1;1;0
9;Ideal;;1;1;1;0;0;0;0;1;0;0;0;0;0;1;0
10;106;4;1;0;0;1;1;1;0;0;0;0;0;0;0;0;0
10;257;7;1;1;0;0;0;1;1;1;0;0;0;0;0;1;0
10;366;9;1;1;0;0;0;1;1;1;0;0;0;0;0;1;1
10;548;6;1;0;1;0;0;1;1;1;0;0;0;0;0;1;0
10;992;6;0;1;1;0;0;0;0;0;1;1;1;0;1;1;0
10;Ideal;;1;1;0;0;1;1;1;1;0;0;0;0;0;1;0
11;106;5;0;1;0;0;0;1;0;0;0;0;1;0;0;0;0
11;257;2;1;0;0;0;0;1;0;0;0;0;0;0;0;0;0
11;366;7;0;1;0;0;0;0;0;1;0;0;0;0;0;1;0
11;548;8;1;1;0;0;0;0;1;0;0;0;0;0;0;0;0
11;992;2;0;0;0;0;0;0;0;0;0;0;0;0;1;0;0
11;Ideal;;1;1;1;0;0;0;0;1;0;0;0;0;0;1;0
12;106;8;1;1;0;0;0;0;0;1;0;0;0;0;0;1;0
12;257;7;1;1;0;0;0;0;0;1;0;0;0;0;0;1;0
12;366;8;1;1;0;0;0;0;0;1;0;0;0;0;0;1;0
12;548;7;1;1;0;0;0;0;1;0;0;0;0;0;0;1;0
12;992;7;1;1;0;0;0;0;0;1;0;0;0;0;0;1;0
12;Ideal;;0;1;1;0;1;0;0;1;1;0;0;0;0;0;0
13;106;9;1;1;0;0;0;1;1;0;0;0;0;0;0;0;1
13;257;9;1;1;0;0;0;0;1;1;0;0;1;0;0;0;0
13;366;8;1;1;1;0;0;0;0;1;0;0;0;0;0;1;0
13;548;9;1;1;1;0;0;0;1;1;0;0;0;0;0;1;0
13;992;9;0;1;1;0;0;0;0;1;0;1;0;0;0;0;0
13;Ideal;;1;1;1;0;0;0;1;1;0;0;0;0;0;1;0
14;106;2;0;0;0;0;0;1;0;0;0;0;0;0;0;0;0
14;257;8;1;0;1;0;0;0;1;0;0;0;0;0;0;0;0
14;366;7;1;0;1;0;0;0;0;0;0;0;0;0;0;0;0
14;548;3;0;0;0;1;0;0;1;0;0;0;0;0;0;0;0
14;992;5;0;0;0;0;0;0;0;0;1;1;0;1;0;0;0
14;Ideal;;0;1;1;0;0;0;0;1;0;0;0;0;0;0;0
15;106;6;1;1;0;0;0;1;1;1;0;0;0;0;0;1;0
15;257;8;0;1;0;0;0;1;1;1;0;0;0;0;0;1;0
15;366;7;0;1;0;0;0;0;0;0;0;0;0;0;0;0;0
15;548;9;1;1;1;0;0;0;0;1;0;0;0;0;0;1;0
15;992;3;0;0;0;0;0;0;0;0;1;1;0;0;1;1;0
15;Ideal;;1;1;1;0;1;0;1;1;0;0;0;0;0;1;0
16;106;5;1;0;0;1;0;1;0;0;0;0;0;1;0;0;0
16;257;8;1;1;1;1;0;0;0;0;0;0;0;0;0;1;1
16;366;2;0;0;0;0;0;0;0;0;0;0;0;1;0;0;0
16;548;6;1;0;0;1;1;0;1;0;0;0;0;0;0;0;1
16;992;7;0;0;1;0;0;0;0;0;1;1;1;0;1;1;0
16;Ideal;;1;1;1;1;0;0;0;0;0;0;0;0;0;1;1
17;106;1;1;0;0;0;0;1;1;0;0;0;0;0;0;1;0
17;257;1;0;0;0;0;0;1;1;0;0;0;0;0;0;0;0
17;366;5;0;1;1;0;0;0;1;1;0;0;0;0;0;0;0
17;548;9;1;1;1;0;0;0;1;0;0;0;0;0;0;1;0
17;992;1;0;0;0;0;0;0;0;0;1;0;0;0;1;0;0
17;Ideal;;1;1;1;0;1;0;1;1;0;0;0;0;0;1;0
18;106;5;1;0;0;0;0;1;0;0;0;0;0;0;0;0;0
18;257;9;1;1;0;0;0;0;1;1;0;0;0;0;0;0;0
18;366;6;0;1;1;0;0;0;0;0;0;0;0;0;0;0;0
18;548;9;1;1;1;0;0;0;1;1;0;0;0;0;0;0;0
18;992;6;0;1;1;0;0;0;0;0;0;1;0;0;0;0;0
18;Ideal;;1;1;1;0;0;0;1;1;0;0;0;0;0;0;0
19;106;1;0;0;0;0;0;1;0;0;0;0;0;0;0;0;0
19;257;5;1;0;0;0;0;0;0;0;0;0;0;0;0;0;0
19;366;9;0;0;0;0;0;0;0;1;0;0;0;0;0;0;0
19;548;9;0;1;0;0;0;0;0;0;0;0;0;0;0;0;0
19;992;1;0;0;0;0;0;0;0;0;0;1;0;0;0;0;0
19;Ideal;;1;1;1;0;0;0;0;0;0;0;0;0;0;1;0
20;106;8;0;0;0;0;0;1;0;0;0;0;0;0;0;0;0
20;257;9;1;1;1;0;0;0;1;1;0;0;0;0;0;1;0
20;366;9;0;1;1;0;0;0;0;0;0;1;0;0;0;0;0
20;548;9;1;1;1;0;1;0;1;0;0;0;0;0;0;1;0
20;992;9;0;0;1;0;0;0;0;0;0;0;0;0;0;1;0
20;Ideal;;1;1;1;0;1;0;1;1;0;0;0;0;0;1;0
21;106;1;1;0;0;1;0;1;0;0;0;0;0;0;1;0;0
21;257;5;0;0;0;0;0;0;1;1;0;0;0;0;0;1;0
21;366;1;0;0;0;0;0;0;0;0;0;1;0;1;0;0;0
21;548;5;0;1;1;0;0;0;1;1;0;0;0;0;0;1;0
21;992;7;0;1;1;0;0;0;1;1;0;1;0;0;0;1;0
21;Ideal;;0;1;1;0;0;0;1;1;0;0;0;0;0;1;0
22;106;2;1;0;0;0;0;1;1;0;0;0;0;0;0;1;0
22;257;2;0;0;0;0;0;1;0;0;0;0;0;0;0;1;0
22;366;9;0;1;0;0;0;0;0;1;0;0;0;0;0;0;0
22;548;9;0;1;1;0;0;0;0;1;0;0;0;0;0;1;0
22;992;5;0;1;0;0;0;0;0;0;1;1;0;0;1;0;0
22;Ideal;;0;1;1;0;1;0;0;0;0;0;0;0;0;1;0
23;106;9;1;1;0;0;0;1;1;1;0;0;0;0;0;0;0
23;257;9;0;1;1;0;0;0;1;1;0;0;0;0;0;1;0
23;366;7;0;1;1;0;0;0;0;0;1;1;0;0;0;0;0
23;548;9;1;1;1;0;0;0;1;1;0;0;0;0;0;1;0
23;992;7;0;1;1;0;0;0;0;0;0;1;0;0;1;0;0
23;Ideal;;1;1;1;0;0;1;1;1;0;0;0;0;0;1;0
24;106;9;1;1;0;0;1;1;1;1;0;0;0;0;0;1;0
24;257;9;1;1;1;0;0;1;1;1;1;0;1;0;0;1;0
24;366;9;0;1;1;0;0;0;1;1;0;0;0;0;0;1;0
24;548;9;1;1;1;0;0;0;1;1;0;0;0;0;0;1;1
24;992;4;0;0;0;0;0;0;0;0;1;1;1;1;1;0;0
24;Ideal;;1;1;1;0;1;1;1;1;0;0;0;0;1;0;0
25;106;1;0;1;0;1;0;0;0;0;1;0;1;0;0;0;0
25;257;4;1;1;0;0;0;0;1;0;0;0;1;0;0;0;0
25;366;7;0;1;1;0;0;0;0;1;0;1;0;0;0;1;0
25;548;4;0;1;0;0;0;0;1;0;0;0;1;0;0;0;0
25;992;8;0;0;1;0;0;0;0;0;0;1;0;0;0;1;0
25;Ideal;;0;1;1;0;1;0;0;0;0;1;0;0;0;1;0
26;106;5;1;0;0;0;0;1;1;1;0;0;1;0;0;0;1
26;257;7;1;0;0;0;0;1;1;0;0;0;0;0;0;1;1
26;366;6;1;1;1;0;0;0;0;0;0;0;0;1;0;1;0
26;548;9;1;1;1;0;0;0;0;1;0;0;0;0;0;1;0
26;992;4;0;0;0;1;0;0;0;0;1;1;1;0;1;0;0
26;Ideal;;1;1;1;0;1;1;1;1;0;0;0;0;0;1;1
27;106;9;0;0;0;0;0;1;0;0;0;0;0;0;0;0;0
27;257;9;0;0;0;0;0;0;0;0;0;0;0;0;0;1;0
27;366;9;0;1;0;0;0;0;0;0;0;0;0;0;0;0;0
27;548;8;0;1;0;0;0;0;0;0;0;0;0;0;0;0;0
27;992;9;0;0;0;0;0;0;0;0;0;0;0;0;0;1;0
27;Ideal;;0;0;0;0;0;0;0;0;0;0;0;0;0;1;0
28;106;9;1;1;0;0;1;1;1;1;0;0;0;0;0;1;0
28;257;9;1;1;1;0;0;1;1;0;0;0;1;0;0;1;0
28;366;6;0;1;0;0;1;0;0;0;0;1;0;0;1;0;0
28;548;9;1;1;1;0;1;0;1;1;0;0;0;0;0;1;0
28;992;7;0;1;1;0;1;0;0;0;0;0;0;0;1;1;0
28;Ideal;;1;1;1;0;1;1;1;1;0;0;0;0;0;1;0
29;106;3;1;0;0;0;0;1;0;0;0;0;0;0;0;0;1
29;257;8;1;1;0;0;0;1;1;0;0;0;1;0;0;0;0
29;366;5;0;0;1;0;0;0;0;0;0;1;0;0;1;0;0
29;548;8;1;0;1;0;0;0;1;0;0;0;0;0;0;1;0
29;992;2;0;0;1;0;0;0;0;0;1;1;0;0;0;1;0
29;Ideal;;1;1;1;0;1;0;0;0;0;0;0;0;0;1;0
30;106;5;0;0;0;1;0;1;0;0;0;0;1;1;0;0;0
30;257;8;1;1;1;0;0;0;1;1;0;0;0;0;0;0;0
30;366;6;1;1;0;0;0;0;1;0;0;0;1;1;0;0;0
30;548;7;1;1;1;0;0;0;1;0;0;0;1;0;0;0;0
30;992;9;1;1;1;0;0;0;0;1;0;0;1;0;0;0;0
30;Ideal;;0;1;1;0;1;0;0;0;0;0;0;0;0;1;0
31;106;9;1;0;0;1;1;1;0;0;0;0;0;0;0;0;0
31;257;7;1;0;1;1;0;1;0;0;0;0;0;0;0;0;0
31;366;5;1;1;1;0;1;0;0;1;0;0;0;0;0;1;0
31;548;8;1;1;0;0;1;0;0;1;0;0;0;0;0;1;0
31;992;9;1;1;1;0;0;0;0;0;0;0;0;0;1;1;0
31;Ideal;;1;1;1;0;1;0;0;1;0;0;0;0;0;1;0
32;106;5;0;0;0;0;0;1;0;0;0;0;1;0;0;0;0
32;257;6;0;0;0;0;0;1;1;0;0;0;0;0;0;0;0
32;366;3;0;0;0;0;0;0;0;0;0;1;0;0;1;0;0
32;548;9;0;1;0;1;0;0;0;0;0;0;0;0;0;0;0
32;992;3;0;0;0;0;0;0;0;0;0;0;0;1;1;0;0
32;Ideal;;1;1;1;0;0;0;0;1;0;0;0;0;0;0;0
33;106;2;1;1;0;0;0;1;1;0;0;0;0;0;0;0;1
33;257;8;1;1;0;0;0;1;1;1;0;0;0;0;0;1;0
33;366;4;0;0;0;0;0;0;0;0;0;1;0;1;1;0;0
33;548;6;1;1;0;0;0;0;0;0;0;0;0;1;0;0;0
33;992;5;0;0;0;0;0;0;0;0;1;1;0;0;0;0;0
33;Ideal;;1;1;1;0;1;0;1;1;0;0;0;0;0;1;0
34;106;4;0;0;0;1;0;1;1;0;0;0;0;0;0;0;1
34;257;9;0;1;1;0;0;1;1;1;0;0;0;0;0;1;0
34;366;7;0;1;0;0;0;0;1;0;0;0;0;0;0;1;0
34;548;8;0;1;1;0;0;0;1;0;0;0;0;0;0;0;0
34;992;3;0;0;1;0;0;0;0;0;0;0;0;1;1;0;0
34;Ideal;;0;1;1;0;0;1;1;1;0;0;0;0;0;1;0
35;106;9;1;1;0;0;1;1;1;0;0;0;0;0;0;0;0
35;257;9;1;1;0;0;0;1;1;0;0;0;0;0;0;0;0
35;366;1;0;0;0;0;0;0;0;0;0;0;1;1;1;0;0
35;548;7;1;1;0;0;0;0;1;1;0;0;1;0;0;0;0
35;992;4;0;0;0;0;0;0;0;0;0;1;1;0;0;0;0
35;Ideal;;1;1;0;0;1;1;1;0;0;0;0;0;0;0;0
36;106;4;1;0;0;0;0;1;0;0;0;0;0;0;0;0;0
36;257;4;1;1;0;0;0;1;1;0;0;0;0;0;0;0;0
36;366;9;1;1;1;0;0;0;1;1;0;0;0;0;0;1;0
36;548;6;1;1;0;0;0;0;1;0;0;0;0;0;0;1;0
36;992;9;1;1;1;0;0;0;0;1;0;0;0;0;0;1;0
36;Ideal;;1;1;1;0;1;0;0;1;0;0;0;0;0;1;0
37;106;6;0;0;0;0;0;1;0;0;0;0;0;0;0;0;1
37;257;8;1;1;1;0;0;0;1;0;0;0;0;0;0;0;0
37;366;4;0;0;0;0;0;0;0;0;0;1;0;1;1;0;0
37;548;9;1;1;1;0;0;0;1;1;0;0;0;0;0;0;0
37;992;6;0;0;0;0;1;0;0;0;0;0;0;0;1;0;0
37;Ideal;;1;1;1;0;0;0;1;1;0;0;0;0;0;0;0
38;106;8;0;0;0;0;0;1;0;0;0;0;0;0;0;0;0
38;257;7;1;1;0;0;0;1;1;0;0;0;0;0;0;1;0
38;366;9;0;1;1;0;0;0;1;1;0;0;1;0;0;1;0
38;548;7;1;1;1;0;0;0;0;0;0;0;1;1;0;1;0
38;992;7;0;1;1;0;0;0;0;0;0;1;0;0;1;0;0
38;Ideal;;1;1;1;0;0;0;1;1;0;0;0;0;0;1;0
39;106;3;1;1;0;0;0;1;1;0;0;0;1;0;0;1;0
39;257;8;1;1;0;0;0;1;1;0;0;0;1;0;0;1;0
39;366;6;1;1;0;1;0;0;1;0;0;0;1;0;0;0;0
39;548;7;1;1;0;1;0;0;1;0;0;0;0;0;0;0;0
39;992;7;0;1;1;0;0;0;1;0;0;1;1;0;1;0;0
39;Ideal;;1;1;1;0;1;0;1;1;0;0;0;0;0;0;0
40;106;6;1;1;0;0;0;1;1;0;0;0;0;0;0;1;0
40;257;8;1;1;0;0;0;1;1;0;0;0;0;0;0;1;0
40;366;7;1;1;0;0;0;0;0;0;0;0;0;0;0;1;0
40;548;8;1;1;0;0;0;0;0;1;0;0;0;0;0;1;0
40;992;7;0;1;1;0;0;0;0;0;0;1;0;0;0;1;0
40;Ideal;;1;1;0;0;0;0;1;1;0;0;0;0;0;1;0
41;106;5;0;0;0;0;0;1;0;0;0;0;0;0;0;0;0
41;257;7;0;1;0;0;0;0;1;0;0;0;0;0;0;0;0
41;366;4;0;0;0;0;0;0;0;0;0;1;0;0;0;0;0
41;548;7;0;1;1;0;0;0;0;0;0;0;0;0;0;1;0
41;992;9;0;0;1;0;0;0;0;1;0;0;0;0;1;0;0
41;Ideal;;1;1;1;0;0;0;0;0;0;0;0;0;0;1;0
42;106;9;1;1;0;0;1;1;0;1;0;0;0;0;0;0;0
42;257;9;1;1;0;0;0;1;0;0;0;0;0;0;0;1;0
42;366;7;0;0;0;0;0;0;0;0;0;1;0;1;1;0;0
42;548;9;1;1;1;0;0;0;1;1;0;0;0;0;0;0;0
42;992;8;0;0;1;0;0;0;0;0;0;1;0;0;1;0;0
42;Ideal;;1;1;1;0;1;0;1;1;0;0;0;0;0;0;0
43;106;4;1;1;0;0;0;1;1;0;0;0;0;0;0;0;1
43;257;8;1;1;1;0;0;1;1;1;0;0;0;0;0;0;1
43;366;5;1;1;0;0;0;1;0;0;0;1;0;1;1;0;0
43;548;5;1;1;0;0;0;0;1;0;0;0;1;1;0;0;0
43;992;9;1;1;1;0;0;0;1;1;1;0;0;0;0;1;0
43;Ideal;;1;1;1;0;1;0;1;1;0;0;0;0;0;1;0
44;106;4;0;0;0;1;0;0;0;0;0;0;0;0;0;0;0
44;257;7;0;0;0;0;0;1;0;0;0;0;0;0;0;0;0
44;366;6;0;0;0;0;0;0;0;0;0;0;0;0;0;1;0
44;548;8;0;0;1;0;0;0;0;0;0;0;0;0;0;0;0
44;992;9;0;0;1;0;0;0;0;0;0;0;0;0;0;0;0
44;Ideal;;1;1;1;0;0;0;0;1;0;0;0;0;0;0;0
45;106;2;0;0;0;1;0;1;1;0;0;0;0;0;0;0;1
45;257;8;1;1;1;0;1;0;1;1;0;0;0;0;0;0;0
45;366;3;0;0;0;0;0;1;0;0;0;0;0;1;1;0;1
45;548;7;1;1;1;0;0;0;1;1;0;0;0;0;0;0;0
45;992;2;0;0;0;0;0;0;0;0;1;1;1;1;1;0;0
45;Ideal;;1;1;1;0;0;0;1;1;0;0;0;0;0;1;0
46;106;8;1;1;0;0;0;1;1;1;0;0;0;0;0;1;0
46;257;9;1;1;0;0;0;1;0;1;0;0;0;0;0;1;0
46;366;8;0;1;0;0;0;0;0;0;0;1;1;1;0;0;0
46;548;1;1;1;1;0;0;0;1;1;0;0;0;0;0;1;0
46;992;7;1;0;1;0;0;0;0;0;1;0;0;0;1;1;0
46;Ideal;;1;1;1;0;0;1;1;1;0;0;0;0;0;1;0
47;106;5;1;1;0;0;0;0;1;0;0;0;0;0;0;0;0
47;257;7;0;1;0;0;0;0;1;0;0;0;0;0;0;0;0
47;366;5;0;1;0;0;0;0;0;0;0;0;1;0;0;0;0
47;548;7;1;1;0;0;0;0;1;0;0;0;0;0;0;0;0
47;992;6;0;1;0;0;0;0;1;0;0;0;0;0;0;1;0
47;Ideal;;1;1;0;0;0;0;1;0;0;0;0;0;0;1;0
48;106;6;0;0;0;1;0;1;1;0;0;0;0;1;0;0;0
48;257;8;0;1;0;0;0;1;1;0;0;0;0;0;0;0;1
48;366;5;0;1;0;0;0;0;0;0;1;0;0;0;0;1;0
48;548;9;1;1;0;0;0;1;0;1;0;0;0;0;0;0;0
48;992;5;0;1;0;0;0;0;0;0;1;0;0;0;1;0;0
48;Ideal;;1;1;1;0;0;0;1;1;0;0;0;0;0;1;0
49;106;9;1;0;0;0;0;1;1;1;0;0;1;0;0;0;0
49;257;9;0;0;1;0;0;0;1;1;0;0;0;0;0;1;0
49;366;3;0;1;0;0;0;0;0;0;0;1;0;1;0;0;0
49;548;8;0;1;1;0;0;0;0;1;0;0;1;0;0;0;0
49;992;4;0;1;1;0;0;0;0;0;1;1;0;0;0;0;0
49;Ideal;;1;1;0;0;1;1;0;1;0;0;0;0;0;0;0
50;106;6;0;0;0;1;0;1;0;0;0;0;1;0;0;0;0
50;257;9;1;1;0;0;0;0;0;1;0;0;0;0;0;1;0
50;366;5;0;1;0;0;0;1;0;0;0;0;0;0;1;0;0
50;548;9;1;1;0;1;0;0;1;0;0;0;1;0;0;0;0
50;992;3;0;0;1;0;0;0;0;0;1;0;0;0;1;0;0
50;Ideal;;1;1;1;0;0;0;0;1;0;0;0;0;0;1;0
51;106;1;1;0;0;0;0;1;1;0;0;0;0;1;0;0;0
51;257;9;1;1;0;0;0;1;1;1;0;0;0;0;0;1;0
51;366;2;0;0;0;0;0;0;0;0;1;1;1;1;1;0;0
51;548;9;1;1;1;0;0;0;1;1;0;0;0;0;0;1;0
51;992;1;0;0;0;0;0;0;0;0;1;1;1;1;1;0;0
51;Ideal;;1;1;1;0;0;1;1;1;0;0;0;0;0;1;1
52;106;6;1;1;0;0;0;1;1;1;0;0;0;0;0;0;0
52;257;9;1;1;0;0;0;1;1;1;0;0;0;0;0;0;0
52;366;6;0;0;0;0;0;0;0;0;0;1;0;1;1;0;0
52;548;9;0;1;0;0;0;0;1;1;0;0;0;0;0;0;0
52;992;7;0;0;0;0;0;0;0;0;0;1;0;0;0;1;0
52;Ideal;;1;1;1;0;0;0;1;1;0;0;0;0;0;1;0
53;106;4;0;0;0;0;0;1;1;0;0;0;0;0;0;0;0
53;257;6;0;0;0;0;0;0;1;0;0;0;0;0;0;0;0
53;366;3;0;1;0;0;0;0;0;0;0;0;0;0;0;0;0
53;548;8;1;0;0;0;0;0;0;0;1;0;0;0;0;0;0
53;992;7;1;0;1;0;0;0;0;0;0;0;0;0;0;0;0
53;Ideal;;1;1;1;0;0;0;1;0;0;0;0;0;0;0;0
54;106;7;1;1;0;0;0;0;0;1;0;0;0;0;0;0;0
54;257;5;0;0;0;0;0;1;0;0;0;0;0;0;0;0;0
54;366;8;0;1;0;0;0;0;1;0;0;0;0;0;0;0;0
54;548;8;1;1;0;0;0;0;1;1;0;0;0;0;0;0;0
54;992;6;0;0;0;0;0;0;0;0;0;0;0;1;1;0;0
54;Ideal;;1;1;0;0;0;0;1;1;0;0;0;0;0;0;0
55;106;5;0;0;0;0;0;1;0;0;0;0;0;0;0;0;0
55;257;6;0;0;0;0;0;0;0;0;0;0;0;0;0;1;0
55;366;2;0;0;0;0;0;0;0;0;0;1;0;0;1;0;0
55;548;9;0;1;1;0;0;0;0;0;0;0;0;0;0;0;0
55;992;2;0;0;0;0;0;0;0;0;1;1;0;0;1;0;0
55;Ideal;;1;1;1;0;1;0;0;1;0;0;0;0;0;1;1
56;106;5;1;1;0;0;1;1;0;0;0;0;0;0;0;0;0
56;257;9;1;1;1;0;1;0;1;0;0;0;0;0;0;0;0
56;366;5;0;1;0;0;0;0;0;0;0;0;1;1;1;0;0
56;548;9;1;1;1;0;1;0;0;0;0;0;0;0;0;0;0
56;992;5;0;0;1;0;1;0;0;0;0;1;0;0;1;0;0
56;Ideal;;1;1;1;0;1;0;1;1;0;0;0;0;0;0;0
57;106;5;0;0;0;0;0;1;0;0;0;0;0;1;0;0;1
57;257;6;1;0;0;0;0;0;1;0;0;0;1;1;0;0;0
57;366;7;0;0;0;0;0;0;0;0;1;1;0;0;1;0;0
57;548;8;0;1;0;0;0;0;0;1;0;0;1;0;0;0;0
57;992;7;0;0;1;0;0;0;0;0;1;0;0;0;1;0;0
57;Ideal;;1;1;1;0;0;0;0;0;0;0;0;0;0;1;0
58;106;8;1;0;0;0;0;1;1;1;0;0;0;0;0;0;0
58;257;9;1;1;1;0;1;0;1;0;0;0;0;0;0;0;0
58;366;5;0;0;0;0;0;0;0;0;1;1;1;0;1;0;0
58;548;9;1;1;1;0;1;0;1;1;0;0;0;0;0;0;0
58;992;4;0;1;1;0;0;0;0;0;0;0;0;1;1;0;0
58;Ideal;;1;1;1;0;1;0;1;1;0;0;0;0;0;0;0
59;106;6;1;0;0;0;0;1;0;0;0;0;0;0;0;0;0
59;257;5;0;0;0;0;0;1;1;0;0;0;0;0;0;0;0
59;366;5;0;0;0;0;0;0;0;0;0;1;1;0;1;0;0
59;548;7;1;1;0;0;0;0;0;1;0;0;0;0;0;0;0
59;992;8;0;1;0;0;0;0;0;1;0;0;0;0;0;1;0
59;Ideal;;1;1;0;0;0;0;0;1;0;0;0;0;0;0;0
60;106;1;0;0;0;0;0;0;0;0;0;0;0;1;0;0;0
60;257;9;1;1;1;0;0;0;1;1;0;0;0;0;0;1;0
60;366;3;0;0;0;0;0;0;0;0;0;1;0;0;0;0;0
60;548;7;0;1;1;0;0;0;0;1;0;0;0;0;0;0;0
60;992;7;0;0;1;0;0;0;0;0;0;0;0;0;1;0;0
60;Ideal;;0;0;0;0;0;0;0;0;0;0;0;0;0;0;0
61;106;3;1;0;0;0;0;1;0;0;0;0;0;0;0;0;0
61;257;3;0;0;0;0;0;0;0;0;0;0;0;0;0;0;1
61;366;8;1;1;0;0;0;0;0;1;0;1;0;0;0;0;0
61;548;2;0;0;0;1;0;1;0;0;0;0;0;0;0;0;0
61;992;9;1;1;1;0;1;0;1;0;0;0;0;0;0;1;0
61;Ideal;;0;1;1;0;1;0;1;1;0;0;0;0;0;1;0
62;106;9;1;1;0;0;0;1;0;1;0;0;0;0;0;0;0
62;257;6;1;1;0;0;0;1;0;0;0;0;0;0;0;1;0
62;366;9;0;0;1;0;0;0;0;1;0;0;0;0;0;0;0
62;548;7;1;1;0;0;0;0;0;0;0;0;0;0;0;1;0
62;992;9;0;0;1;0;0;0;0;1;0;0;0;0;1;0;0
62;Ideal;;0;0;1;0;0;0;0;1;0;0;0;0;1;1;0
63;106;9;1;1;0;0;0;1;0;1;0;0;1;0;0;0;0
63;257;9;1;1;1;0;1;1;1;1;0;0;0;0;0;0;0
63;366;5;0;0;0;0;0;0;0;0;1;1;1;1;1;0;0
63;548;9;1;1;1;0;0;0;1;1;0;0;0;0;0;0;0
63;992;5;0;1;0;0;0;0;0;0;1;1;1;0;0;0;0
63;Ideal;;1;1;1;0;0;1;1;1;0;0;0;0;0;1;0
64;106;7;1;1;0;0;0;0;1;1;0;0;0;0;0;0;0
64;257;8;1;1;1;0;0;0;1;1;0;0;0;0;0;0;0
64;366;5;0;1;1;0;0;0;0;1;0;1;0;0;0;0;0
64;548;7;1;1;1;0;0;0;1;0;0;0;0;0;0;0;0
64;992;3;0;0;1;0;0;0;0;0;0;0;0;0;1;0;0
64;Ideal;;1;1;1;0;1;0;1;0;0;0;0;0;0;0;0
65;106;6;1;1;0;0;0;1;1;0;0;0;0;0;0;1;0
65;257;9;1;0;1;0;0;0;1;0;0;0;0;0;0;1;0
65;366;5;0;0;1;0;0;0;0;0;1;1;0;0;0;0;0
65;548;6;1;1;0;0;0;1;0;0;0;0;1;0;0;0;0
65;992;6;0;1;1;0;0;0;0;0;0;0;0;0;1;1;0
65;Ideal;;1;1;1;0;0;0;1;0;0;0;0;0;0;1;0
66;106;6;1;1;0;1;0;0;0;0;0;0;0;0;0;0;1
66;257;9;1;1;0;0;0;1;1;1;0;0;0;0;0;0;0
66;366;6;1;1;1;0;0;0;0;0;0;0;0;0;0;1;0
66;548;1;1;1;0;0;0;0;0;0;0;0;0;1;0;0;0
66;992;4;0;1;1;0;0;0;0;0;0;0;0;0;1;0;0
66;Ideal;;1;1;0;0;0;1;1;1;0;0;0;0;0;0;0
67;106;8;1;1;0;0;0;1;1;0;0;0;0;0;0;0;0
67;257;9;1;1;0;0;0;0;1;0;0;0;0;0;0;1;0
67;366;7;0;1;1;0;0;0;1;1;0;0;0;0;0;1;0
67;548;9;1;1;0;0;0;0;1;0;0;0;0;0;0;1;0
67;992;7;0;1;1;0;0;0;0;0;0;1;0;0;0;1;0
67;Ideal;;1;1;0;0;1;0;1;1;0;0;0;0;0;1;0
68;106;9;0;0;1;0;0;0;1;1;0;0;0;0;0;0;0
68;257;9;0;1;1;0;1;0;0;1;0;0;0;0;0;1;0
68;366;1;0;0;0;0;0;0;0;0;1;1;0;0;1;0;0
68;548;9;1;1;1;0;0;0;0;0;0;0;0;0;0;1;0
68;992;1;0;0;0;0;0;0;0;0;1;1;0;0;1;0;0
68;Ideal;;1;1;1;0;1;0;0;1;0;0;0;0;0;0;0
69;106;9;1;1;0;0;0;1;1;1;0;0;1;0;0;0;0
69;257;5;1;0;0;0;0;1;1;0;0;0;0;0;0;0;1
69;366;9;0;0;1;0;0;0;0;0;0;0;1;0;0;0;1
69;548;9;1;1;0;0;0;0;1;1;0;0;0;0;0;0;0
69;992;9;0;0;1;0;0;0;0;1;0;1;0;0;1;1;0
69;Ideal;;1;1;1;0;0;0;1;1;0;0;0;0;0;1;0
70;106;7;1;1;0;0;0;0;1;0;0;0;0;0;0;0;0
70;257;7;1;1;1;1;1;0;0;0;0;0;0;0;0;1;1
70;366;9;1;1;1;0;1;0;0;1;0;1;0;0;0;1;0
70;548;7;1;1;1;0;1;0;0;1;0;0;1;0;0;1;0
70;992;9;1;1;1;0;0;1;0;0;0;1;0;0;0;0;0
70;Ideal;;1;1;1;0;1;0;0;0;1;1;1;0;1;1;1
71;106;9;0;0;0;0;0;0;0;1;0;0;0;0;0;1;0
71;257;9;0;1;0;0;0;0;0;0;0;0;0;0;0;1;0
71;366;9;0;1;0;0;0;0;0;0;0;0;0;0;0;0;0
71;548;9;0;1;0;0;0;0;0;0;0;0;0;0;0;1;0
71;992;7;0;0;1;0;0;0;0;0;0;0;0;0;0;1;0
71;Ideal;;0;1;0;0;0;0;1;0;0;0;0;0;0;1;0
73;106;1;0;0;0;0;0;1;0;0;0;0;0;1;0;0;0
73;257;9;0;0;1;0;1;0;1;1;0;0;0;0;0;1;0
73;366;5;0;1;1;0;0;0;1;1;0;0;0;0;0;0;0
73;548;6;1;0;0;1;0;0;1;0;0;0;0;0;0;0;0
73;992;9;0;1;1;0;0;0;0;1;0;0;0;0;1;1;0
73;Ideal;;1;0;0;1;0;1;0;0;0;0;0;0;0;0;0
74;106;1;1;0;0;0;0;1;0;0;0;0;0;0;0;0;0
74;257;9;1;0;0;0;0;1;1;0;0;0;0;0;0;0;0
74;366;5;0;0;0;0;0;0;0;0;0;1;0;0;0;0;0
74;548;8;1;1;0;0;0;0;1;0;0;0;0;0;0;0;0
74;992;9;0;0;1;0;0;0;0;1;0;0;0;0;0;1;0
74;Ideal;;1;1;1;0;0;0;1;0;0;0;0;0;0;1;0
75;106;1;0;0;0;0;0;1;1;0;0;0;0;0;0;0;0
75;257;3;1;0;0;0;0;1;0;0;0;0;1;0;1;0;0
75;366;9;0;1;1;0;0;0;0;1;0;1;1;0;0;1;0
75;548;3;1;0;0;0;0;1;0;0;0;0;1;0;0;0;0
75;992;9;0;1;1;0;0;0;0;1;0;1;1;0;0;0;0
75;Ideal;;0;1;1;0;0;0;0;1;0;0;0;0;0;1;0
76;106;7;1;0;1;0;0;0;0;1;0;0;0;0;0;0;0
76;257;1;0;0;0;0;0;1;0;0;0;0;0;0;0;0;0
76;366;5;0;0;0;0;1;0;0;1;0;1;0;0;0;0;0
76;548;9;1;1;0;0;0;0;0;0;0;0;0;0;0;1;0
76;992;9;0;1;1;0;0;0;0;0;0;0;1;0;0;0;0
76;Ideal;;0;1;1;0;0;0;0;1;0;0;0;0;0;1;0
77;106;8;1;0;0;0;0;1;1;0;0;0;0;0;0;0;1
77;257;5;1;0;0;0;0;0;0;1;0;0;0;1;0;0;0
77;366;5;1;0;0;0;0;0;0;0;1;0;0;1;0;0;0
77;548;9;0;0;1;0;0;0;1;1;0;0;1;0;0;1;0
77;992;5;0;0;0;1;0;0;0;0;0;1;0;0;0;0;0
77;Ideal;;1;1;0;0;0;0;0;1;0;0;0;0;0;0;1
78;106;2;0;0;0;1;0;0;0;0;0;0;0;0;0;0;0
78;257;4;0;1;0;0;0;1;0;0;0;0;0;0;0;1;0
78;366;8;0;1;1;0;0;0;0;0;0;1;0;0;0;1;0
78;548;3;0;1;0;0;0;0;0;0;0;0;0;0;0;0;0
78;992;7;0;1;1;0;0;0;0;0;0;0;0;0;0;1;0
78;Ideal;;0;1;1;0;0;0;0;1;0;1;0;0;0;1;0
79;106;6;0;1;0;0;0;1;1;1;0;0;0;0;0;0;0
79;257;9;1;1;0;0;1;1;1;1;0;0;0;0;0;0;0
79;366;4;0;0;0;0;0;0;0;0;0;1;0;1;1;0;0
79;548;7;1;1;0;0;0;0;0;1;0;0;0;0;0;0;0
79;992;9;0;0;1;0;0;0;0;0;0;1;0;0;1;0;0
79;Ideal;;1;1;1;0;1;1;1;1;0;0;0;0;0;0;0
80;106;9;1;0;0;0;1;0;1;1;0;0;0;0;0;0;0
80;257;5;1;0;0;0;1;0;1;0;0;0;0;0;0;0;0
80;366;5;0;0;0;1;0;1;0;0;0;0;1;1;0;0;0
80;548;1;0;0;0;1;0;1;0;0;0;0;0;0;0;0;0
80;992;4;0;1;1;0;1;0;0;1;0;0;0;0;1;0;0
80;Ideal;;1;1;1;0;1;0;1;1;0;0;0;0;0;1;0
81;106;9;0;1;0;0;0;1;0;0;0;0;0;0;0;0;0
81;257;9;0;0;0;0;0;1;0;0;0;0;1;0;0;0;0
81;366;6;0;0;1;0;0;0;0;0;0;0;1;0;1;0;0
81;548;9;0;0;0;0;0;0;0;1;0;0;0;0;0;1;0
81;992;2;0;1;0;0;0;0;0;0;0;0;0;0;0;1;0
81;Ideal;;0;1;1;0;0;0;0;0;0;0;0;0;1;1;0
82;106;6;0;1;0;1;0;0;0;0;0;0;0;0;0;0;0
82;257;3;0;0;0;0;0;1;0;0;0;0;0;0;0;0;0
82;366;7;0;1;0;0;0;0;0;0;0;0;0;0;1;0;0
82;548;7;1;0;0;0;0;0;0;0;0;0;0;0;0;1;0
82;992;8;0;0;1;0;0;0;0;1;0;0;0;0;1;0;0
82;Ideal;;0;1;1;0;0;0;0;0;0;0;0;0;0;1;0
83;106;4;1;0;0;0;0;1;0;0;0;0;0;0;0;0;1
83;257;6;1;0;0;0;0;1;0;0;0;0;0;0;0;0;1
83;366;7;0;1;0;0;1;0;0;0;0;1;0;0;0;1;0
83;548;7;0;1;0;0;0;0;1;0;0;0;0;0;0;1;0
83;992;8;0;0;1;0;0;0;0;1;0;0;0;0;0;1;0
83;Ideal;;0;1;0;0;0;0;0;1;0;0;0;0;0;1;0
84;106;5;1;1;0;0;0;0;0;0;0;0;0;1;0;0;0
84;257;9;1;1;0;0;0;1;0;0;0;0;1;0;0;0;0
84;366;5;0;0;0;0;0;0;0;0;0;0;1;1;1;0;0
84;548;1;0;0;0;0;0;0;0;0;0;0;1;1;0;0;1
84;992;9;1;0;0;0;0;0;1;0;0;0;1;1;0;0;0
84;Ideal;;0;1;1;0;0;0;1;1;0;0;0;0;0;1;0
85;106;6;1;1;0;0;0;1;0;0;0;0;0;0;0;1;0
85;257;6;1;1;0;0;1;1;1;0;0;0;0;0;0;1;0
85;366;9;1;1;1;0;0;0;1;1;0;0;0;0;0;0;0
85;548;7;1;1;1;0;0;0;1;1;0;0;0;0;0;0;0
85;992;7;1;0;1;0;0;0;1;0;0;0;0;0;0;1;0
85;Ideal;;1;1;1;0;0;0;1;1;0;0;0;0;0;1;0
86;106;7;1;1;0;0;0;1;0;0;0;1;0;0;0;0;0
86;257;9;1;0;1;0;0;0;1;1;0;0;0;0;0;1;0
86;366;4;0;0;0;0;0;0;0;0;1;1;0;1;1;0;0
86;548;6;1;1;1;0;0;0;0;1;0;0;0;0;0;0;0
86;992;9;1;1;0;0;0;1;0;0;0;1;0;0;0;0;0
86;Ideal;;1;1;1;0;1;0;1;1;0;0;0;0;0;0;0
87;106;4;1;1;0;0;0;1;1;0;0;0;1;0;0;0;1
87;257;7;1;0;0;0;0;1;1;1;0;0;1;0;0;0;0
87;366;7;1;0;0;0;0;0;1;1;0;1;1;0;1;1;0
87;548;6;1;0;1;0;0;1;1;0;0;0;0;0;0;1;0
87;992;9;0;1;1;0;1;0;1;1;0;1;1;0;1;1;0
87;Ideal;;1;1;0;0;1;0;0;1;0;1;0;0;0;0;0
88;106;6;1;0;0;0;0;0;1;1;0;0;1;0;0;0;0
88;257;7;0;1;0;0;0;0;1;0;0;0;0;0;0;0;0
88;366;7;0;1;0;0;0;0;0;1;0;1;0;0;1;0;0
88;548;7;1;1;0;0;0;0;1;1;0;0;0;0;0;0;0
88;992;5;0;1;0;0;0;0;0;1;0;0;0;0;0;0;0
88;Ideal;;1;1;0;0;0;1;1;1;0;0;0;0;0;0;0
89;106;6;0;1;0;0;0;1;0;0;0;0;0;0;0;0;0
89;257;6;1;1;0;0;0;1;1;0;0;0;0;0;0;0;0
89;366;8;1;1;0;0;0;0;0;0;0;0;0;0;1;0;0
89;548;8;1;1;0;0;0;0;1;0;0;0;0;0;0;1;0
89;992;9;1;1;0;0;0;0;1;1;0;0;0;0;1;1;0
89;Ideal;;0;0;0;0;0;0;0;0;0;0;0;0;1;0;0
90;106;5;0;0;0;0;0;1;0;0;0;0;0;0;0;0;0
90;257;9;0;0;0;0;0;1;1;1;0;0;0;0;0;0;0
90;366;1;0;0;0;0;0;0;0;0;0;0;0;1;0;0;0
90;548;9;0;0;0;0;0;1;0;0;0;0;0;0;0;0;0
90;992;5;0;0;0;0;0;0;0;1;0;0;0;0;0;0;0
90;Ideal;;1;1;0;0;0;1;1;1;0;0;0;0;0;0;0
91;106;8;1;1;0;0;0;1;0;0;0;0;0;0;0;0;0
91;257;9;1;1;1;0;0;0;1;1;0;0;0;0;0;1;0
91;366;2;0;0;0;0;0;0;0;0;1;1;0;1;0;0;0
91;548;1;1;0;0;1;0;0;0;0;0;0;0;1;0;0;0
91;992;2;0;0;0;0;0;0;0;0;0;0;0;0;1;0;0
91;Ideal;;1;1;1;0;1;0;1;0;0;0;0;0;0;1;0
92;106;6;1;0;0;0;0;1;1;0;0;0;0;0;0;0;0
92;257;9;1;0;1;0;0;0;1;0;0;0;0;0;0;1;1
92;366;1;0;0;0;1;0;0;0;0;0;1;0;1;0;0;0
92;548;9;1;0;0;0;0;1;0;0;0;0;0;0;0;1;0
92;992;9;1;0;1;0;0;0;0;1;0;0;0;0;0;1;0
92;Ideal;;1;0;0;0;1;0;1;1;0;0;0;0;0;1;1
93;106;7;1;0;0;0;0;1;0;1;0;0;0;0;0;0;0
93;257;7;1;0;0;0;0;1;1;0;0;0;0;0;0;1;0
93;366;8;0;1;1;0;0;0;0;0;0;1;0;0;0;1;0
93;548;9;1;1;0;0;0;0;1;1;0;0;0;0;0;0;0
93;992;9;1;1;1;0;0;0;0;0;0;0;0;0;1;1;0
93;Ideal;;1;1;1;0;0;0;1;1;0;0;0;0;0;1;0
94;106;5;1;1;0;0;1;1;0;0;1;0;1;0;0;0;1
94;257;6;1;1;0;0;0;0;1;0;0;0;1;1;0;0;1
94;366;7;0;1;1;0;0;0;0;0;0;1;1;0;1;1;0
94;548;7;1;1;0;0;0;0;1;1;0;0;1;0;0;1;1
94;992;8;1;1;1;0;1;0;0;1;0;0;0;0;1;1;0
94;Ideal;;1;1;1;0;1;1;1;0;0;0;0;0;0;1;0
95;106;9;1;1;0;0;0;0;0;1;0;0;0;0;0;1;0
95;257;7;1;1;0;0;0;0;1;0;0;0;0;0;0;0;0
95;366;4;0;1;1;0;0;0;0;0;1;1;0;1;0;0;0
95;548;6;1;1;0;0;0;0;0;0;0;0;0;1;0;0;0
95;992;9;0;1;1;0;0;0;0;1;0;0;0;0;0;1;0
95;Ideal;;1;1;0;0;0;0;1;0;0;0;0;0;0;1;0
96;106;9;0;0;0;0;0;1;1;0;0;0;0;0;0;0;0
96;257;9;1;0;0;0;0;0;1;1;0;0;0;0;0;0;0
96;366;5;0;0;0;0;0;0;0;0;0;1;0;1;0;0;0
96;548;9;1;0;0;0;0;0;1;0;0;0;0;0;0;0;0
96;992;1;0;0;0;0;0;0;0;0;0;0;0;0;1;0;0
96;Ideal;;1;0;0;0;0;0;1;1;0;0;0;0;0;0;0
97;106;5;1;1;1;0;0;0;0;0;0;0;0;0;0;1;0
97;257;9;1;1;1;0;0;0;1;1;0;0;0;0;0;0;0
97;366;5;1;1;1;0;0;0;1;1;0;1;0;0;0;1;0
97;548;9;1;1;1;0;0;0;1;0;0;0;0;0;0;1;0
97;992;4;1;1;1;0;1;0;0;1;0;0;0;0;1;1;0
97;Ideal;;1;1;1;0;1;0;0;1;0;0;0;0;0;1;0
98;106;3;0;1;0;0;0;1;1;0;0;0;0;0;0;0;0
98;257;9;1;1;1;0;1;0;1;1;0;0;0;0;0;1;0
98;366;2;1;0;0;0;0;1;0;0;0;1;1;0;0;0;0
98;548;7;0;1;1;1;1;0;0;1;0;0;0;0;0;1;0
98;992;4;0;0;1;0;1;0;0;0;1;1;0;0;1;0;0
98;Ideal;;1;1;1;0;1;0;0;1;0;0;0;0;0;1;0
99;106;7;1;0;0;0;0;1;0;0;0;0;0;0;0;0;0
99;257;6;0;0;0;0;0;1;0;1;0;0;0;0;0;0;0
99;366;2;0;0;1;0;0;0;0;0;0;0;0;0;1;0;0
99;548;7;0;0;0;0;0;0;1;1;0;0;0;0;0;1;0
99;992;9;0;1;1;0;0;0;1;0;0;0;0;0;0;0;0
99;Ideal;;1;1;1;0;0;0;1;1;0;0;0;0;0;0;0
100;106;5;1;0;0;1;0;1;0;0;0;0;0;0;0;0;1
100;257;8;0;1;0;0;0;1;1;0;0;0;0;0;0;1;0
100;366;5;0;0;0;0;0;0;0;0;0;1;0;1;1;0;0
100;548;5;0;0;0;0;0;0;0;0;0;1;0;0;0;1;0
100;992;4;0;0;1;0;0;0;1;0;0;0;0;0;0;1;0
100;Ideal;;1;0;1;0;0;0;1;1;0;0;0;0;0;1;0
101;106;6;1;1;0;0;0;1;0;0;0;0;0;0;0;0;0
101;257;7;1;1;0;0;0;1;0;0;0;0;0;0;0;0;0
101;366;7;0;0;0;0;0;0;0;0;1;1;1;0;0;0;0
101;548;5;1;0;0;0;0;0;0;0;0;0;0;0;0;0;1
101;992;9;1;1;1;0;0;0;0;0;0;1;0;0;1;0;0
101;Ideal;;1;1;1;0;0;0;0;1;0;0;0;0;0;1;0
102;106;6;0;0;0;1;0;1;0;1;0;0;0;0;0;0;0
102;257;4;0;0;0;1;0;0;0;0;1;0;0;0;0;0;0
102;366;5;0;0;0;0;0;0;0;1;0;0;0;0;0;0;0
102;548;6;0;1;0;0;0;0;1;0;0;0;0;0;0;0;0
102;992;9;0;1;1;0;0;0;0;1;0;0;0;0;1;0;0
102;Ideal;;1;1;1;0;1;0;1;1;0;0;0;0;0;1;0
103;106;7;1;1;0;0;0;1;1;1;0;0;0;0;0;0;1
103;257;8;1;1;0;0;0;1;1;1;0;0;0;0;0;0;0
103;366;4;0;0;0;0;0;1;0;0;1;1;0;1;1;0;0
103;548;6;1;1;0;0;0;0;1;0;0;0;1;0;0;0;0
103;992;8;0;1;1;0;0;0;0;1;0;0;0;0;0;1;0
103;Ideal;;1;1;1;0;0;0;1;1;0;0;0;0;0;0;0
104;106;6;0;0;0;0;0;0;0;0;0;0;0;0;0;1;0
104;257;8;1;1;1;0;0;1;1;1;0;0;0;0;0;0;0
104;366;7;0;0;0;0;0;0;0;0;0;1;0;0;0;1;0
104;548;7;1;0;0;0;0;0;0;1;0;0;0;0;0;0;0
104;992;7;0;1;0;0;0;0;0;0;0;1;0;0;1;1;0
104;Ideal;;1;1;1;0;0;0;1;1;0;0;0;0;0;1;0
105;106;1;1;1;0;0;0;1;1;0;0;0;0;0;0;0;0
105;257;8;1;1;0;0;0;1;1;0;0;0;0;0;0;1;0
105;366;1;0;0;0;1;0;0;0;0;0;1;1;1;0;0;0
105;548;8;1;1;1;0;0;0;1;1;0;0;0;0;0;1;0
105;992;6;0;0;1;0;0;0;0;0;0;1;0;0;1;0;0
105;Ideal;;1;1;1;0;0;0;1;1;0;0;0;0;0;1;0
106;106;4;1;1;0;0;0;0;1;0;0;0;0;0;0;0;0
106;257;9;0;0;0;0;0;0;0;1;1;0;0;0;0;1;0
106;366;8;0;0;1;0;0;0;0;1;1;1;0;0;0;1;0
106;548;7;1;1;0;0;0;0;1;1;0;0;0;0;0;0;0
106;992;8;1;1;0;0;0;0;0;1;0;0;0;0;0;1;0
106;Ideal;;0;1;0;0;1;0;0;1;1;1;0;0;0;1;0
107;106;7;0;1;0;0;0;1;0;0;0;0;1;0;0;0;0
107;257;8;1;1;0;0;0;0;1;1;0;0;0;0;0;0;0
107;366;5;0;0;1;0;0;0;0;0;0;1;0;1;0;0;0
107;548;7;0;1;0;0;0;0;1;0;0;0;0;0;0;0;0
107;992;5;1;1;1;0;0;1;0;1;0;0;0;0;1;0;0
107;Ideal;;1;1;1;0;1;1;1;1;0;0;0;0;0;1;0
108;106;8;1;0;1;0;0;1;1;0;0;0;0;0;0;0;1
108;257;5;1;0;1;0;0;1;0;0;0;0;0;0;0;0;0
108;366;9;0;1;1;0;0;0;1;0;0;0;0;0;0;1;0
108;548;6;0;0;0;1;0;1;1;0;0;0;0;0;0;0;1
108;992;7;1;0;0;1;0;1;1;0;0;0;0;0;0;0;1
108;Ideal;;1;1;1;0;0;1;1;0;0;0;0;0;0;1;0
109;106;8;1;1;0;1;0;0;1;0;0;0;0;0;0;0;0
109;257;9;1;1;1;0;1;0;0;0;0;0;0;0;0;0;0
109;366;9;0;1;1;0;1;0;1;0;0;0;0;0;0;0;0
109;548;8;1;1;1;0;0;0;0;1;0;0;0;0;0;0;0
109;992;6;0;0;1;0;0;0;0;1;0;0;0;0;1;0;0
109;Ideal;;1;1;0;0;1;0;0;1;0;0;0;0;0;1;0
110;106;6;0;0;0;1;1;1;1;0;0;0;0;0;0;0;0
110;257;8;0;1;0;0;0;0;1;1;0;0;0;0;0;1;0
110;366;3;0;0;0;0;0;0;0;0;0;1;0;1;1;0;0
110;548;7;0;1;1;0;0;0;0;1;0;1;0;0;0;1;0
110;992;9;0;1;1;0;0;0;0;1;0;1;0;0;1;0;0
110;Ideal;;1;0;1;0;0;0;1;1;0;0;0;0;0;0;0
112;106;6;0;1;0;0;0;1;1;0;0;0;0;0;0;1;0
112;257;7;1;1;0;0;0;1;0;1;0;0;0;0;0;1;0
112;366;5;0;1;0;0;0;0;0;0;1;0;0;1;1;0;0
112;548;8;1;0;1;0;0;0;1;1;0;0;0;0;0;1;0
112;992;7;0;0;0;0;0;0;0;0;1;1;0;0;1;0;0
112;Ideal;;1;1;1;0;0;0;1;1;0;0;0;0;0;1;0
113;106;8;1;1;0;0;0;1;1;0;0;0;0;0;0;0;0
113;257;8;1;1;0;0;0;0;0;0;0;0;0;0;0;0;0
113;366;8;1;1;0;0;0;0;1;0;0;0;0;0;0;0;0
113;548;8;1;1;0;0;0;0;0;0;0;0;0;0;0;0;0
113;992;9;1;1;1;0;0;0;0;1;0;0;0;0;0;0;0
113;Ideal;;1;1;1;0;0;0;1;0;0;0;0;0;0;0;0
114;106;5;1;0;0;0;0;0;1;0;0;0;0;1;0;0;0
114;257;6;1;0;0;0;0;1;0;0;0;0;0;1;0;0;0
114;366;4;0;0;0;1;0;0;1;0;0;0;0;0;1;0;0
114;548;5;1;0;0;0;0;0;0;1;0;0;0;0;0;0;1
114;992;9;0;1;1;0;0;0;0;0;0;1;0;0;1;1;0
114;Ideal;;0;1;1;0;0;0;0;0;0;1;0;0;0;0;0
115;106;8;0;0;0;0;0;1;0;0;0;0;0;0;0;0;0
115;257;9;0;1;1;0;0;0;0;1;0;0;0;0;0;0;0
115;366;7;0;1;0;0;0;0;0;0;0;0;0;0;0;0;0
115;548;7;0;1;1;0;0;0;0;0;0;0;0;0;0;0;0
115;992;8;0;0;1;0;0;0;0;0;0;0;0;0;0;0;0
115;Ideal;;0;1;1;0;0;1;0;1;0;0;0;0;0;0;0
116;106;3;1;1;0;0;0;1;1;0;0;0;1;0;0;0;0
116;257;9;1;1;0;0;0;1;1;1;0;0;0;0;0;1;0
116;366;2;0;0;0;0;0;0;0;0;0;1;1;1;1;0;0
116;548;9;1;1;0;0;0;0;1;1;0;0;0;0;0;1;0
116;992;8;0;1;1;0;0;0;1;1;0;1;0;0;1;0;0
116;Ideal;;1;1;1;0;0;0;1;1;0;0;0;0;0;1;0
117;106;9;1;1;0;0;0;1;0;1;0;0;0;0;0;0;0
117;257;9;1;1;1;0;0;0;0;1;0;0;0;0;0;0;0
117;366;7;0;0;0;0;0;0;0;0;1;1;0;0;1;0;0
117;548;7;1;1;0;0;0;0;1;0;0;0;0;0;0;0;0
117;992;9;0;1;0;1;0;0;0;1;0;0;0;0;0;0;0
117;Ideal;;1;1;1;0;1;0;1;1;0;0;0;0;0;0;0
118;106;7;1;1;1;0;0;1;0;0;0;1;0;0;0;0;0
118;257;9;0;1;1;0;0;0;0;1;0;1;0;0;0;1;0
118;366;5;0;0;0;1;0;0;0;0;0;0;1;1;1;0;0
118;548;9;1;1;1;0;0;0;0;1;0;0;0;0;0;0;0
118;992;7;0;1;0;0;0;0;0;1;0;1;0;0;1;0;0
118;Ideal;;1;1;1;0;1;0;1;1;0;0;0;0;0;1;0
119;106;1;1;0;0;0;0;1;1;0;0;0;1;0;0;0;0
119;257;6;1;1;0;0;0;1;1;0;0;0;0;0;0;1;0
119;366;7;0;0;0;1;0;0;0;0;0;0;0;1;1;1;0
119;548;1;1;1;0;1;0;0;0;0;0;0;0;1;0;0;0
119;992;8;0;1;1;0;0;0;0;1;0;1;0;0;1;1;0
119;Ideal;;1;1;1;0;1;0;1;1;0;0;0;0;0;1;0
121;106;6;1;1;0;0;0;1;0;0;0;0;0;0;0;0;0
121;257;6;0;1;0;1;0;0;0;0;0;0;1;0;0;1;0
121;366;2;0;0;0;0;0;0;0;0;0;1;1;1;1;0;0
121;548;8;1;1;1;0;0;0;1;1;0;0;0;0;0;1;0
121;992;2;0;1;0;0;0;0;0;0;0;0;0;1;1;0;0
121;Ideal;;1;1;1;0;0;0;1;0;0;0;0;0;0;1;0
810;106;8;1;1;0;1;0;1;1;1;0;0;0;0;0;0;1
810;257;5;0;1;0;0;0;0;1;0;0;0;1;0;0;1;0
810;366;6;0;1;0;0;0;0;0;1;1;0;0;0;0;0;0
810;548;8;1;1;0;0;0;0;1;1;0;0;0;0;0;1;0
810;992;2;0;0;0;0;0;0;0;0;1;1;1;1;1;0;0
810;Ideal;;1;1;1;0;1;1;1;1;0;0;0;0;0;1;1
