  ;Décès;Epoque;Courant;accord;affaire;âge;ah;air;allemagne;allemand;amant;âme;ami;amour;an;anglais;année;arbre;argent;arme;armée;arrière;art;attention;aube;aujourd_hui;auteur;avenir;aventure;bas;beauté;besoin;bien;blanche;bois;bonheur;bord;bouche;boulevard;bout;bras;bruit;bureau;café;camarade;camp;campagne;capitaine;caractère;carte;cas;cause;chair;chambre;champ;chanson;chant;chapeau;char;château;chef;chemin;cheval;cheveu;chien;chose;ciel;classe;coeur;coin;colonel;combat;commandant;communiste;compagnie;compte;connaissance;conscience;conseil;conversation;corps;côté;couleur;coup;cour;cours;cousin;cri;crime;culture;dame;de;défense;dent;départ;désir;deux;dieu;dimanche;discours;division;docteur;doigt;dos;douleur;doute;droit;droite;eau;école;écrivain;effet;église;enfant;ennemi;entrée;envie;épaule;époque;escalier;espagne;espèce;espoir;esprit;état;étoile;exemple;existence;expression;face;façon;fait;famille;femme;fenêtre;fer;feu;feuille;fille;fils;fin;fleur;fois;folie;fond;force;forêt;forme;foule;franc;français;france;frère;front;gaillard;garçon;garde;gauche;général;genre;gens;georges;geste;glace;gosse;goût;gouvernement;grand;grandeur;grenade;groupe;guerre;habitude;hasard;haut;héros;heure;histoire;hitler;hiver;homme;honneur;honte;horreur;hôtel;idée;image;instant;intérêt;jacques;jambe;jardin;jean;jeanne;jeu;jeunesse;joseph;jour;journal;journée;langage;langue;larme;lendemain;lettre;lèvre;liberté;lieu;lieutenant;ligne;lit;littérature;livre;loi;long;lumière;machine;madame;mai;main;maison;maître;mal;malheur;manière;mari;marie;matin;médecin;mémoire;mer;mère;mesure;midi;milieu;ministre;minute;miroir;mois;moment;monde;monsieur;montagne;mort;mot;mouvement;moyen;mur;musique;nature;nez;nom;nord;nouveau;nouvelle;nuit;objet;oeil;oeuvre;officier;oiseau;ombre;oncle;ordre;oreille;ouvrier;page;paix;papa;papier;paris;parole;part;parti;partie;pas;passage;passé;patrie;patron;paul;pays;paysage;peau;peine;peintre;peinture;pensée;père;personnage;personne;petit;peu;peuple;peur;philippe;phrase;pièce;pied;pierre;place;plaisir;pluie;poème;poésie;poète;point;police;politique;pont;porte;poste;premier;président;printemps;prison;prix;professeur;propos;quartier;question;raison;rapport;réalité;regard;reine;reste;retour;rêve;rire;rob;roi;rôle;roman;rose;route;rue;saint;salle;sang;scène;secret;semaine;sens;sentiment;service;siècle;signe;silence;société;soeur;soir;soldat;soleil;sorte;sou;souvenir;sud;suite;sujet;tabl;tableau;temps;terre;tête;théâtre;tour;train;travail;travers;troupe;type;usine;veille;vent;ventre;vérité;verre;vers;vie;vieux;village;ville;visage;voiture;voix;vue;abbé;abord;action;ange;appartement;artiste;avocat;baron;bonhomme;cabinet;cent;chagrin;charles;chère;chevalier;circonstance;commerce;comte;courage;créature;curé;curiosité;désespoir;dîner;duc;duchesse;écu;espérance;événement;faute;figure;foi;fortune;génie;grâce;intelligence;joie;juge;justice;louis;mademoiselle;maîtresse;maladie;marche;mariage;marquis;marquise;ménage;messieurs;million;misère;moeurs;napoléon;notaire;nucingen;passion;pauvre;position;pouvoir;prêtre;prince;procureur;province;puissance;religion;rente;réponse;robe;salon;science;situation;soin;somme;sourire;succès;table;talent;toilette;vertu;vieillard;vin;adieu;adresse;affront;alarme;ambition;amitié;appas;appui;ardeur;arrêt;artifice;assurance;avantage;aveu;avis;bonté;cesse;charme;choix;cieux;colère;connoître;conquête;couronne;courroux;crainte;dépit;déplaisir;dessein;destin;devoir;diadème;don;douceur;éclat;effort;effroi;empire;ennui;entretien;époux;erreur;esclave;etats;excès;faveur;flamme;foiblesse;forfait;fruit;fuite;fureur;gloire;haine;humeur;hymen;hyménée;ingrat;injustice;mépris;mérite;moitié;naissance;noeud;obstacle;occasion;orgueil;palais;paroître;péril;perte;pitié;pleurs;présence;princesse;rage;rang;refus;regret;remède;repos;respect;ressentiment;rigueur;rival;sacrifice;sceptre;secours;seigneur;sort;souci;souhait;soupçon;soupir;supplice;sûreté;témoin;tendresse;titre;tourment;trait;traître;trépas;trône;trouble;tyran;vainqueur;valeur;vengeance;victime;victoire;violence;voeu;volonté;vous_même;zèle;acte;animal;apparence;autorité;avance;chaleur;commencement;comparaison;condition;conduite;confiance;conséquence;contraire;défaut;détail;différence;difficulté;distinction;égard;endroit;espace;étude;expérience;faire;fou;garder;genou;hauteur;imagination;impression;infinité;injure;jugement;magistrat;malheureux;matière;membre;mériter;morale;morceau;motif;nation;nombre;opinion;ouvrage;pain;parent;pari;partir;philosophe;philosophie;plupart;préjugé;preuve;principe;projet;proposition;qualité;récit;réflexion;ressource;rester;richesse;sagesse;sein;sentir;sortir;source;spectacle;système;terme;tort;traiter;transport;univers;usage;vanité;vêtement;vice;voir;voisin;aile;aurore;baiser;bête;branche;caresser;chaîne;clarté;désert;écho;faim;goutte;horizon;lampe;lune;neige;nuage;odeur;orage;paupière;plume;poids;poitrine;poussière;reflet;ruine;sable;solitude;sommeil;toit;trésor;vague;abîme;angle;barbe;cadavre;cercle;chaise;chevelure;christ;colline;colonne;corde;côte;cou;coude;croix;cuisine;diable;diamant;domestique;éléphant;être;félicité;flanc;fleuve;flot;habit;haleine;herbe;infini;jésus;jouer;lion;luxure;manteau;marcher;meuble;muraille;océan;parfum;péché;plaine;pointe;prière;queue;rayon;rideau;rivage;serpent;seuil;soie;sol;sommet;taille;talon;tas;temple;ténèbre;tenter;toile;tombeau;tout;trou;voile;volupté;voyage;changement;complaisance;compliment;confusion;coquin;embarras;emploi;épée;estimer;étoit;fantaisie;inquiétude;lien;merveille;mine;mode;mystère;pardon;procédé;querelle;scrupule;serviteur;sexe;sot;surprise;valet;visite;bataille;charger;citoyen;constitution;coutume;danger;disposition;empereur;europe;italie;moine;particulier;profit;règle;république;rien;romain;rome;royaume;statue;terrain;vaisseau;aspect;autel;cruauté;monstre;pleur;remords;trace;couvent;évêque;excellence;lecteur;lieue;maréchal;milan;ministère;naples;paysan;préfet;promenade;public;quart;régiment;ridicule;soirée;ton;aise;aller;angoisse;bande;besogne;bouquet;bourgeois;boutique;caisse;cheminée;chemise;comptoir;courant;course;couteau;crise;damoiseau;déjeuner;demi;dentelle;drap;émotion;étage;fatigue;fauteuil;fièvre;fosse;frisson;gaieté;galerie;gamin;gorge;jupe;lazare;linge;lutte;magasin;maman;marché;mètre;miette;nappe;nu;paquet;pavé;poche;poing;prendre;satin;souffle;souffrance;tache;tante;trottoir;un;caprice;éloge;portrait;azur;blancheur;bronze;col;compagnon;costume;dessin;fumée;joue;lueur;marbre;perl;physionomie;plafond;pli;pruneau;teinte;vapeur;velours;voûte;accent;astre;barque;bloc;cime;débris;demeure;distance;écume;foyer;golfe;humanité;île;instinct;lac;mont;monument;murmurer;nid;onde;orient;pente;rameau;rocher;sentier;tempête;torrent;tronc;vallée;billet;cher;comédie;faiblesse;intention;obligation;ordinaire;doctrine;maxime;con;cuisse;cul;débauche;décharge;derrière;fesse;foutre;individu;infamie;infortuné;jouissance;justine;libertin;libertinage;lubricité;meurtre;opération;paillard;putain;rein;scélérat;son;souper;téton;vit
Aragon;1982;XX;Surréalisme;264;1029;545;219;2093;366;476;303;478;1090;1374;1812;315;1008;481;599;374;715;309;424;257;244;476;395;559;245;295;293;705;298;537;533;273;295;578;248;758;1119;533;269;486;402;257;322;456;339;360;511;629;254;805;444;512;400;302;326;323;488;761;535;740;349;3452;946;308;1748;381;332;240;318;311;255;554;241;300;312;549;689;1480;618;1599;311;255;325;471;269;347;636;335;249;340;254;254;385;1061;229;241;277;490;508;282;301;834;501;289;896;330;625;384;248;1737;429;256;368;744;299;260;353;474;352;868;488;280;913;288;370;410;833;1385;606;3287;454;389;710;284;1183;615;912;607;2257;266;897;689;274;352;379;267;586;1473;531;531;245;641;296;265;828;467;2529;267;501;235;348;468;390;332;288;253;385;2000;351;430;272;344;2153;1800;249;266;5900;341;278;302;388;1575;543;592;327;198;325;357;861;209;648;438;195;3744;731;258;461;338;310;301;732;502;356;672;504;395;534;263;938;323;300;777;258;401;251;2325;1369;385;403;354;296;497;560;962;368;315;561;953;250;327;594;331;311;400;614;897;2700;1060;263;1176;2097;411;245;565;501;246;451;1605;276;309;254;1608;358;2827;380;421;371;954;295;652;433;499;292;461;356;476;1414;700;1027;646;449;1053;405;264;240;277;340;1240;248;239;625;278;242;820;1006;320;478;912;2361;881;727;218;525;709;1137;1164;919;464;291;438;673;612;804;416;275;280;1213;292;390;269;273;309;360;265;375;292;767;940;409;503;438;230;332;318;594;395;318;528;265;670;377;921;1236;546;394;673;385;335;259;812;685;291;663;244;587;245;297;1390;589;697;723;409;431;248;644;334;578;311;3173;1023;1949;347;563;442;757;415;265;644;326;283;592;252;261;375;367;2818;322;315;979;902;664;1298;406;0;0;0;0;0;0;0;0;0;0;0;0;0;0;0;0;0;0;0;0;0;0;0;0;0;0;0;0;0;0;0;0;0;0;0;0;0;0;0;0;0;0;0;0;0;0;0;0;0;0;0;0;0;0;0;0;0;0;0;0;0;0;0;0;0;0;0;0;0;0;0;0;0;0;0;0;0;0;0;0;0;0;0;0;0;0;0;0;0;0;0;0;0;0;0;0;0;0;0;0;0;0;0;0;0;0;0;0;0;0;0;0;0;0;0;0;0;0;0;0;0;0;0;0;0;0;0;0;0;0;0;0;0;0;0;0;0;0;0;0;0;0;0;0;0;0;0;0;0;0;0;0;0;0;0;0;0;0;0;0;0;0;0;0;0;0;0;0;0;0;0;0;0;0;0;0;0;0;0;0;0;0;0;0;0;0;0;0;0;0;0;0;0;0;0;0;0;0;0;0;0;0;0;0;0;0;0;0;0;0;0;0;0;0;0;0;0;0;0;0;0;0;0;0;0;0;0;0;0;0;0;0;0;0;0;0;0;0;0;0;0;0;0;0;0;0;0;0;0;0;0;0;0;0;0;0;0;0;0;0;0;0;0;0;0;0;0;0;0;0;0;0;0;0;0;0;0;0;0;0;0;0;0;0;0;0;0;0;0;0;0;0;0;0;0;0;0;0;0;0;0;0;0;0;0;0;0;0;0;0;0;0;0;0;0;0;0;0;0;0;0;0;0;0;0;0;0;0;0;0;0;0;0;0;0;0;0;0;0;0;0;0;0;0;0;0;0;0;0;0;0;0;0;0;0;0;0;0;0;0;0;0;0;0;0;0;0;0;0;0;0;0;0;0;0;0;0;0;0;0;0;0;0;0;0;0;0;0;0;0;0;0;0;0;0;0;0;0;0;0;0;0;0;0;0;0;0;0;0;0;0;0;0;0;0;0;0;0;0;0;0;0;0;0;0;0;0;0;0;0;0;0;0;0;0;0;0;0;0;0;0;0;0;0;0;0;0;0;0;0;0;0;0;0;0;0;0;0;0;0;0;0;0;0;0;0;0;0;0;0;0;0;0;0;0;0;0;0;0;0;0;0;0;0;0;0;0;0;0;0;0;0;0;0;0;0;0;0;0;0;0;0;0;0;0;0;0;0;0;0;0;0;0;0;0;0;0;0;0;0;0;0;0;0;0;0;0;0;0;0;0;0;0;0;0;0;0;0;0;0;0;0;0;0;0;0;0;0;0;0;0;0;0;0;0;0;0;0;0;0;0;0;0;0;0;0;0;0;0;0;0;0;0;0;0;0;0;0;0;0;0;0;0;0;0;0;0;0;0;0;0
Balzac;1850;XIX;Réalisme;0;2040;629;0;2009;0;0;760;2190;2583;3286;3009;0;856;0;1425;0;0;0;507;499;0;0;0;736;0;0;664;796;532;0;763;1545;0;0;0;496;1036;473;471;0;0;0;0;0;855;0;0;940;0;1903;0;0;0;0;0;634;960;611;957;724;0;2720;627;0;3204;499;0;0;0;0;0;510;0;0;485;518;773;770;510;1534;1150;0;736;0;465;0;649;0;0;0;0;743;0;1728;0;0;0;584;0;0;834;1251;863;0;848;0;0;1246;634;3535;0;0;0;0;0;497;0;680;0;2053;1431;0;0;552;724;463;0;832;1676;0;545;0;843;0;4187;1798;484;903;2131;0;760;1073;0;598;0;2315;0;1303;1115;778;0;745;807;0;0;0;2515;0;709;0;0;0;0;0;0;0;0;0;513;573;0;0;2594;607;0;0;0;1032;0;0;675;1550;0;0;1229;561;0;574;0;0;532;0;372;3947;0;0;0;0;856;741;1631;0;0;1066;0;0;765;0;1032;907;0;570;0;5676;0;2760;2890;1205;493;1050;1243;1794;411;1167;756;0;0;3248;0;0;1105;716;0;0;1386;3597;2871;2631;0;1875;2499;1142;836;0;0;1039;0;1499;0;0;0;917;0;3630;714;0;0;0;812;784;909;0;0;462;0;659;2444;1456;572;466;762;458;0;0;0;0;0;969;0;0;837;0;0;1523;3657;0;1977;0;0;0;0;0;525;683;1506;0;1354;1322;0;0;0;693;640;452;0;0;1615;0;0;635;0;0;638;0;0;0;682;1316;0;0;2051;674;0;0;0;0;0;1598;0;0;0;472;1472;1185;622;525;613;999;0;557;1657;583;399;458;976;823;774;1269;475;577;801;0;0;0;0;0;0;487;2351;1273;2262;438;566;0;791;395;0;0;0;0;0;0;0;0;0;4368;0;0;1052;818;829;1847;631;979;41;560;669;574;532;468;1264;526;546;798;458;532;514;489;490;529;2921;446;527;690;443;475;514;806;825;420;539;543;550;914;523;1949;686;862;552;780;805;547;761;1912;835;440;441;1209;834;674;530;504;452;562;441;392;824;468;1196;782;518;786;588;552;458;628;567;448;735;490;513;1112;554;596;680;553;508;486;716;501;502;563;1201;477;0;0;0;0;0;0;0;0;0;0;0;0;0;0;0;0;0;0;0;0;0;0;0;0;0;0;0;0;0;0;0;0;0;0;0;0;0;0;0;0;0;0;0;0;0;0;0;0;0;0;0;0;0;0;0;0;0;0;0;0;0;0;0;0;0;0;0;0;0;0;0;0;0;0;0;0;0;0;0;0;0;0;0;0;0;0;0;0;0;0;0;0;0;0;0;0;0;0;0;0;0;0;0;0;0;0;0;0;0;0;0;0;0;0;0;0;0;0;0;0;0;0;0;0;0;0;0;0;0;0;0;0;0;0;0;0;0;0;0;0;0;0;0;0;0;0;0;0;0;0;0;0;0;0;0;0;0;0;0;0;0;0;0;0;0;0;0;0;0;0;0;0;0;0;0;0;0;0;0;0;0;0;0;0;0;0;0;0;0;0;0;0;0;0;0;0;0;0;0;0;0;0;0;0;0;0;0;0;0;0;0;0;0;0;0;0;0;0;0;0;0;0;0;0;0;0;0;0;0;0;0;0;0;0;0;0;0;0;0;0;0;0;0;0;0;0;0;0;0;0;0;0;0;0;0;0;0;0;0;0;0;0;0;0;0;0;0;0;0;0;0;0;0;0;0;0;0;0;0;0;0;0;0;0;0;0;0;0;0;0;0;0;0;0;0;0;0;0;0;0;0;0;0;0;0;0;0;0;0;0;0;0;0;0;0;0;0;0;0;0;0;0;0;0;0;0;0;0;0;0;0;0;0;0;0;0;0;0;0;0;0;0;0;0;0;0;0;0;0;0;0;0;0;0;0;0;0;0;0;0;0;0;0;0;0;0;0;0;0;0;0;0;0;0;0;0;0;0;0;0;0;0;0;0;0;0;0;0;0;0;0;0;0;0;0;0;0;0;0;0;0;0;0;0;0;0;0;0;0;0;0;0;0;0;0;0;0;0;0;0;0;0;0;0;0;0;0;0;0;0;0;0;0;0;0;0;0;0;0;0;0;0;0;0;0;0;0;0;0;0;0;0;0;0;0;0;0;0;0;0;0;0;0;0;0;0;0;0;0;0;0;0;0;0;0;0;0;0;0;0;0;0;0;0;0;0;0;0;0;0;0;0;0;0;0;0;0;0;0;0;0;0;0;0;0;0;0;0;0;0
Corneille;1684;XVII;Classicisme;88;74;92;0;95;0;0;566;1101;307;1791;112;0;0;0;0;112;0;0;96;0;0;0;82;0;0;0;165;138;181;0;0;342;0;103;0;89;318;121;0;0;0;0;0;0;0;0;0;118;0;0;0;0;0;0;0;0;0;0;0;0;0;245;559;0;1712;0;0;160;0;0;0;0;0;0;108;0;0;126;0;427;146;79;0;0;487;0;0;0;0;0;0;258;0;581;0;221;0;0;0;0;298;152;188;0;0;0;0;467;0;0;170;0;120;0;0;0;0;0;310;525;165;0;156;0;0;0;0;105;0;183;0;134;450;0;239;373;72;0;254;0;79;236;0;0;0;0;0;0;410;105;0;0;66;0;0;0;96;0;0;0;0;0;0;0;133;0;0;125;0;103;0;149;171;0;0;0;282;494;222;161;0;0;0;0;216;0;0;0;0;0;0;0;0;715;0;0;0;0;120;0;0;0;144;605;0;0;0;0;0;424;0;0;0;529;0;872;0;361;269;393;0;0;0;0;0;82;0;140;0;0;93;0;0;0;0;326;130;0;0;676;293;0;146;0;0;107;0;478;0;0;0;133;354;1005;0;0;0;114;0;336;0;0;0;111;0;0;0;158;272;0;0;0;0;0;0;0;0;87;0;0;443;0;0;78;619;0;162;0;0;213;166;0;0;0;104;0;213;173;0;0;0;0;223;0;0;0;94;0;0;0;0;78;256;0;0;0;0;381;0;0;102;367;182;135;0;0;0;958;0;0;0;0;0;0;0;649;0;170;0;107;190;174;0;0;75;0;382;0;0;0;86;0;97;0;0;258;0;0;482;138;222;0;189;0;0;0;0;0;0;0;0;0;81;0;0;480;0;0;0;179;0;138;151;0;0;77;0;0;0;0;0;0;0;0;0;0;0;0;0;0;0;321;0;0;0;121;0;0;0;0;110;0;62;0;433;165;0;363;0;233;0;172;0;0;223;0;0;0;0;0;0;0;0;0;0;0;0;0;99;0;0;401;0;351;0;0;169;0;0;0;0;0;0;0;302;0;0;125;0;0;0;411;0;0;71;97;79;70;102;206;159;150;299;80;106;72;97;102;135;146;57;136;463;69;226;80;113;145;229;138;114;117;260;287;319;82;155;174;213;307;86;320;117;132;311;108;84;90;110;358;452;98;109;117;95;207;596;424;157;290;145;76;80;143;214;68;141;85;87;137;174;72;71;184;240;182;160;126;189;95;272;132;132;72;82;206;92;180;233;84;142;172;687;289;96;89;85;224;215;83;87;102;114;84;158;83;200;230;95;213;152;115;169;97;169;84;413;73;116;97;0;0;0;0;0;0;0;0;0;0;0;0;0;0;0;0;0;0;0;0;0;0;0;0;0;0;0;0;0;0;0;0;0;0;0;0;0;0;0;0;0;0;0;0;0;0;0;0;0;0;0;0;0;0;0;0;0;0;0;0;0;0;0;0;0;0;0;0;0;0;0;0;0;0;0;0;0;0;0;0;0;0;0;0;0;0;0;0;0;0;0;0;0;0;0;0;0;0;0;0;0;0;0;0;0;0;0;0;0;0;0;0;0;0;0;0;0;0;0;0;0;0;0;0;0;0;0;0;0;0;0;0;0;0;0;0;0;0;0;0;0;0;0;0;0;0;0;0;0;0;0;0;0;0;0;0;0;0;0;0;0;0;0;0;0;0;0;0;0;0;0;0;0;0;0;0;0;0;0;0;0;0;0;0;0;0;0;0;0;0;0;0;0;0;0;0;0;0;0;0;0;0;0;0;0;0;0;0;0;0;0;0;0;0;0;0;0;0;0;0;0;0;0;0;0;0;0;0;0;0;0;0;0;0;0;0;0;0;0;0;0;0;0;0;0;0;0;0;0;0;0;0;0;0;0;0;0;0;0;0;0;0;0;0;0;0;0;0;0;0;0;0;0;0;0;0;0;0;0;0;0;0;0;0;0;0;0;0;0;0;0;0;0;0;0;0;0;0;0;0;0;0;0;0;0;0;0;0;0;0;0;0;0;0;0;0;0;0;0;0;0;0;0;0;0;0;0;0;0;0;0;0;0;0;0;0;0;0;0;0;0;0;0;0;0;0;0;0;0;0;0;0;0;0;0;0;0;0;0;0;0;0;0;0;0;0;0;0;0;0;0;0;0;0;0;0;0;0;0;0;0;0;0;0;0;0;0;0;0;0;0;0;0;0
Diderot;1784;XVIII;Lumières;44;154;108;0;191;0;0;0;240;407;167;182;0;74;0;77;0;0;0;190;54;0;0;211;31;0;0;85;124;62;0;24;155;0;119;0;67;219;87;0;0;0;0;0;0;162;0;95;95;0;0;74;0;0;0;0;0;34;59;115;34;0;582;150;0;264;0;0;0;0;0;0;37;120;64;90;0;215;222;59;157;0;33;0;95;90;0;0;0;0;0;0;35;0;313;0;146;24;0;77;41;128;108;77;0;94;0;0;222;51;442;68;38;0;0;0;0;0;126;0;354;322;0;116;53;53;0;0;0;139;888;0;25;68;26;340;190;100;0;383;43;106;196;0;76;61;0;0;0;136;0;0;0;0;0;0;71;220;0;0;0;0;156;0;0;29;0;0;0;49;60;0;0;216;243;0;0;1219;122;53;0;0;274;42;169;122;0;0;0;0;0;68;0;0;535;0;35;0;76;110;0;235;0;77;172;0;72;143;0;161;211;0;80;53;438;0;470;287;953;119;108;114;0;0;82;0;137;0;313;56;0;107;0;0;0;81;391;286;533;0;231;350;141;111;0;0;401;0;167;0;0;0;204;205;495;34;0;0;0;0;143;124;0;0;0;0;0;0;90;103;0;168;0;0;0;0;0;0;55;0;0;292;0;0;67;470;0;215;0;0;106;0;0;0;0;247;29;149;159;0;0;0;0;188;0;0;0;191;0;69;0;0;0;85;0;122;0;130;297;109;0;68;0;0;58;0;0;0;0;0;0;0;0;0;173;0;67;107;54;0;0;163;75;63;62;130;104;203;86;0;0;116;0;0;0;159;104;0;26;464;168;433;0;64;0;77;44;0;0;0;36;0;0;215;0;0;424;0;0;84;132;0;192;0;0;108;164;0;0;0;0;0;0;0;0;0;0;0;0;94;80;0;68;0;0;40;0;0;0;0;0;45;0;86;110;78;143;117;109;0;65;35;67;0;0;0;46;0;0;0;0;0;0;0;0;133;0;0;0;124;0;0;0;0;0;0;0;0;145;0;80;0;0;114;0;56;33;0;65;88;107;0;204;0;0;0;0;0;0;0;0;0;0;0;0;0;0;89;32;87;62;73;0;53;0;0;0;0;0;0;49;0;0;44;0;86;0;0;39;45;48;0;54;0;0;82;39;0;0;0;77;0;0;0;0;0;63;36;45;0;0;0;0;38;72;0;47;60;0;34;78;0;0;0;41;70;60;0;77;0;0;0;0;37;0;83;36;0;0;0;0;0;79;0;0;0;0;0;0;0;0;0;63;57;0;51;0;0;0;38;0;0;39;0;0;0;0;0;41;0;0;46;120;40;72;33;35;29;30;106;74;43;73;55;73;42;77;54;28;29;108;40;60;151;191;66;61;129;27;65;45;44;35;98;78;64;138;32;74;60;48;35;52;178;55;327;45;97;78;71;188;120;55;40;37;95;67;37;137;62;80;53;146;46;40;39;196;110;35;72;84;62;52;57;25;43;135;27;51;94;153;41;0;0;0;0;0;0;0;0;0;0;0;0;0;0;0;0;0;0;0;0;0;0;0;0;0;0;0;0;0;0;0;0;0;0;0;0;0;0;0;0;0;0;0;0;0;0;0;0;0;0;0;0;0;0;0;0;0;0;0;0;0;0;0;0;0;0;0;0;0;0;0;0;0;0;0;0;0;0;0;0;0;0;0;0;0;0;0;0;0;0;0;0;0;0;0;0;0;0;0;0;0;0;0;0;0;0;0;0;0;0;0;0;0;0;0;0;0;0;0;0;0;0;0;0;0;0;0;0;0;0;0;0;0;0;0;0;0;0;0;0;0;0;0;0;0;0;0;0;0;0;0;0;0;0;0;0;0;0;0;0;0;0;0;0;0;0;0;0;0;0;0;0;0;0;0;0;0;0;0;0;0;0;0;0;0;0;0;0;0;0;0;0;0;0;0;0;0;0;0;0;0;0;0;0;0;0;0;0;0;0;0;0;0;0;0;0;0;0;0;0;0;0;0;0;0;0;0;0;0;0;0;0;0;0;0;0;0;0;0;0;0;0;0;0;0;0;0;0;0;0;0;0;0;0;0;0;0;0;0;0;0;0;0;0;0;0;0;0;0;0;0;0;0;0;0;0;0;0;0;0;0;0;0;0;0;0;0;0;0;0;0;0;0;0;0;0;0;0;0;0;0;0;0;0;0;0;0;0;0;0;0;0;0
Eluard;1952;XX;Surréalisme;0;0;65;0;185;0;0;0;80;118;539;113;0;64;168;0;74;0;0;103;0;112;0;144;115;0;46;118;84;109;0;125;141;0;193;0;51;134;73;0;0;0;0;0;0;0;0;0;0;159;54;66;45;92;0;0;0;0;110;48;74;61;140;379;0;508;0;0;0;0;0;0;0;0;67;0;0;257;66;196;77;0;0;0;69;0;0;0;0;0;44;0;174;0;83;0;0;0;0;95;0;85;0;50;0;296;0;0;0;0;398;57;0;0;50;0;0;0;0;219;136;0;147;0;0;0;61;0;0;0;535;117;0;286;113;149;57;97;239;145;0;111;175;90;147;78;0;0;0;125;127;0;0;0;0;0;0;73;0;69;0;0;46;0;61;0;0;0;88;0;42;50;39;152;75;0;104;1142;0;61;0;0;110;209;49;0;0;52;53;0;0;85;98;0;545;0;0;93;69;105;0;62;110;115;72;0;50;114;0;98;55;0;320;0;0;0;546;134;78;116;72;0;0;0;108;0;75;195;149;54;46;48;0;0;155;0;67;478;52;47;397;267;77;0;157;0;97;0;99;0;0;0;544;97;719;81;0;298;342;0;83;56;0;0;54;0;0;0;112;55;0;0;80;0;0;0;0;0;82;63;46;123;0;0;110;69;0;0;62;0;110;120;0;0;0;146;149;128;107;92;180;203;260;79;0;0;50;135;0;83;0;92;75;0;0;0;0;0;227;0;74;120;0;0;0;243;134;44;0;0;0;85;103;141;0;0;258;0;52;0;0;0;0;51;0;119;0;0;146;0;428;0;0;66;0;0;0;82;0;402;468;296;0;83;0;90;71;0;0;0;0;160;56;124;73;0;622;0;0;108;162;0;135;0;0;0;0;0;0;0;0;0;0;0;0;0;0;0;0;0;0;0;47;0;0;0;52;0;0;0;0;0;0;0;0;0;0;0;0;0;68;0;53;0;0;0;0;0;0;0;0;0;0;0;86;0;0;0;0;64;42;0;52;0;0;0;0;0;0;0;0;0;0;0;0;0;0;94;0;0;0;0;79;0;58;0;0;0;0;0;0;0;0;0;0;0;0;0;0;0;0;54;0;0;0;0;0;0;0;0;0;0;0;0;0;0;0;0;0;61;0;0;0;52;0;0;0;0;0;0;0;105;0;0;111;0;0;0;0;0;0;0;0;0;0;0;0;55;0;0;0;0;0;0;0;0;0;0;0;0;0;0;0;0;0;49;0;0;0;0;0;0;0;0;0;49;0;0;0;0;0;0;0;0;0;0;0;0;0;0;0;0;0;0;0;0;0;0;0;0;0;0;0;0;0;0;85;0;0;0;0;77;0;0;0;0;0;0;0;0;0;104;0;0;57;63;0;0;0;61;0;0;0;0;0;0;0;0;0;0;0;0;0;0;0;0;102;0;48;0;0;0;0;0;0;0;0;0;0;0;0;0;0;0;0;151;124;0;76;0;0;0;0;0;0;67;0;0;0;0;82;0;196;82;149;78;67;79;46;45;67;63;75;44;93;48;92;89;99;50;74;66;66;71;45;66;58;47;52;82;117;48;50;48;0;0;0;0;0;0;0;0;0;0;0;0;0;0;0;0;0;0;0;0;0;0;0;0;0;0;0;0;0;0;0;0;0;0;0;0;0;0;0;0;0;0;0;0;0;0;0;0;0;0;0;0;0;0;0;0;0;0;0;0;0;0;0;0;0;0;0;0;0;0;0;0;0;0;0;0;0;0;0;0;0;0;0;0;0;0;0;0;0;0;0;0;0;0;0;0;0;0;0;0;0;0;0;0;0;0;0;0;0;0;0;0;0;0;0;0;0;0;0;0;0;0;0;0;0;0;0;0;0;0;0;0;0;0;0;0;0;0;0;0;0;0;0;0;0;0;0;0;0;0;0;0;0;0;0;0;0;0;0;0;0;0;0;0;0;0;0;0;0;0;0;0;0;0;0;0;0;0;0;0;0;0;0;0;0;0;0;0;0;0;0;0;0;0;0;0;0;0;0;0;0;0;0;0;0;0;0;0;0;0;0;0;0;0;0;0;0;0;0;0;0;0;0;0;0;0;0;0;0;0;0;0;0;0;0;0;0;0;0;0;0;0;0;0;0;0;0;0;0;0;0;0;0;0;0;0;0;0;0;0;0;0;0;0;0;0;0;0;0;0;0;0;0;0;0;0;0;0;0;0;0
Flaubert;1880;XIX;Réalisme;0;117;92;0;674;0;0;0;480;251;502;222;0;83;260;369;79;141;0;179;0;0;37;0;0;0;0;0;246;83;0;321;155;365;246;0;325;726;277;0;0;0;0;183;80;0;0;0;181;176;274;110;0;0;115;0;0;0;141;312;314;146;1049;448;0;634;164;0;0;0;0;0;0;0;0;107;0;442;391;222;659;177;0;0;209;0;0;120;0;0;172;0;153;85;847;0;0;0;82;223;210;131;312;90;125;464;0;0;196;158;459;0;0;201;358;0;144;0;103;0;341;0;182;96;157;0;278;133;0;119;1014;199;176;280;212;270;222;149;290;675;0;401;267;93;247;226;0;0;0;0;246;0;141;0;112;0;0;230;0;104;0;0;0;0;99;0;0;0;91;0;132;0;0;542;156;0;0;1374;75;0;0;0;361;91;0;0;0;118;201;0;0;0;0;0;932;0;0;0;82;125;155;158;219;0;136;0;149;219;0;177;94;200;217;0;0;0;958;424;267;160;69;191;116;0;225;101;0;294;292;114;0;518;0;166;0;154;189;586;266;222;457;317;165;83;305;0;132;0;260;0;0;0;473;0;952;162;0;163;259;0;127;261;0;0;0;0;99;0;189;125;0;124;0;0;0;0;0;0;145;0;223;174;0;0;289;343;0;227;83;0;273;270;0;101;149;603;307;375;180;140;0;0;79;158;0;0;96;505;0;94;0;0;0;0;0;0;0;111;100;0;0;219;0;0;0;125;106;233;220;0;0;82;182;320;327;165;265;0;0;81;0;89;0;87;112;125;0;0;421;199;523;187;0;144;0;173;0;0;0;574;675;1085;96;215;0;0;157;0;0;0;0;384;204;0;121;0;469;0;0;240;238;121;575;0;0;0;106;88;88;0;0;0;0;0;0;0;0;0;0;0;0;0;0;0;0;0;0;0;0;0;0;94;0;89;338;149;92;0;0;0;236;0;0;0;0;92;0;0;81;0;0;0;0;0;0;0;0;0;0;120;0;0;0;200;0;0;0;0;90;0;0;0;0;151;0;0;0;104;0;274;0;0;114;0;190;0;0;0;0;0;0;0;0;0;0;0;0;0;0;0;0;0;0;0;0;171;0;0;84;0;0;0;0;0;0;0;0;0;0;0;0;0;0;0;0;83;0;182;0;0;0;126;0;0;94;0;0;77;92;0;0;0;0;0;0;0;0;0;0;0;0;243;112;0;0;0;62;0;0;0;0;0;0;0;0;0;0;0;0;0;0;0;0;118;0;0;0;0;84;0;0;0;0;0;0;0;0;0;0;0;0;0;0;0;0;0;0;0;0;0;0;0;85;0;0;0;0;0;0;0;0;0;0;102;0;0;0;0;0;0;97;0;0;0;104;0;173;211;94;0;0;0;0;0;0;0;99;121;0;0;120;0;0;0;0;96;92;0;0;0;0;0;0;0;0;0;0;0;0;0;0;0;175;0;0;100;0;0;0;0;0;0;0;0;0;0;0;0;125;0;92;0;182;0;113;174;93;0;79;0;87;0;0;89;175;81;240;87;150;125;0;133;129;0;305;198;0;0;186;0;0;85;0;109;93;83;120;121;111;82;128;79;80;87;103;98;123;97;132;93;362;84;94;104;115;75;83;122;192;94;91;212;117;89;92;120;129;169;129;81;167;129;133;119;100;96;87;105;122;79;88;137;83;87;91;96;168;101;81;161;102;105;91;98;141;90;155;95;120;0;0;0;0;0;0;0;0;0;0;0;0;0;0;0;0;0;0;0;0;0;0;0;0;0;0;0;0;0;0;0;0;0;0;0;0;0;0;0;0;0;0;0;0;0;0;0;0;0;0;0;0;0;0;0;0;0;0;0;0;0;0;0;0;0;0;0;0;0;0;0;0;0;0;0;0;0;0;0;0;0;0;0;0;0;0;0;0;0;0;0;0;0;0;0;0;0;0;0;0;0;0;0;0;0;0;0;0;0;0;0;0;0;0;0;0;0;0;0;0;0;0;0;0;0;0;0;0;0;0;0;0;0;0;0;0;0;0;0;0;0;0;0;0;0;0;0;0;0;0;0;0;0;0;0;0;0;0;0;0;0;0;0;0;0;0;0;0;0;0;0;0;0;0;0;0;0;0;0;0;0;0;0;0;0;0;0;0;0;0;0;0;0;0;0;0;0;0;0;0;0;0;0;0;0;0;0;0;0;0;0;0;0;0;0;0
Gautier;1872;XIX;Romantisme;0;0;202;0;1258;0;0;252;749;418;893;312;0;181;383;519;0;0;0;419;168;0;0;167;0;0;0;612;211;0;0;473;194;335;387;0;715;739;282;0;0;0;0;0;0;244;0;0;148;169;675;187;0;0;197;0;0;196;369;580;558;217;977;797;0;834;317;0;0;0;0;0;0;0;0;0;143;635;779;752;760;299;0;0;154;0;0;303;0;0;235;0;180;0;570;0;0;0;0;399;243;158;459;0;0;970;0;0;642;0;439;0;0;134;440;168;270;0;425;0;475;237;249;0;0;203;342;348;338;0;0;463;326;359;249;0;313;0;637;675;0;737;358;0;644;194;0;0;172;191;356;0;738;224;0;0;148;331;0;148;0;0;339;0;0;0;0;235;0;232;190;0;0;739;210;0;0;2525;208;0;0;0;747;189;264;0;0;259;263;0;0;0;0;0;1046;0;0;0;177;212;0;296;427;0;454;0;366;342;0;236;0;0;572;0;0;0;1476;722;473;0;0;447;369;0;244;0;0;341;0;0;0;606;0;235;0;154;367;1038;173;225;471;502;358;236;369;0;316;347;498;0;0;0;619;222;1992;338;0;252;727;0;213;301;0;0;0;0;249;0;200;236;0;192;0;199;0;0;0;0;196;0;312;543;310;312;328;428;206;294;133;0;0;212;0;171;443;1134;517;735;310;196;0;208;0;0;0;0;297;872;0;0;0;0;0;0;0;109;0;0;211;0;0;528;0;250;0;292;0;349;494;0;0;264;293;512;0;403;305;252;0;0;215;256;0;234;235;212;0;0;321;0;612;457;0;190;0;192;192;355;396;992;670;1322;318;455;0;222;0;0;0;0;0;314;0;159;251;0;845;132;0;576;233;0;380;269;0;0;0;317;0;277;0;0;0;0;0;0;0;0;0;0;0;0;0;0;0;0;0;0;0;0;0;0;0;0;676;0;0;195;246;0;188;0;0;0;0;239;0;191;0;0;0;0;0;0;0;0;0;0;0;286;0;0;0;0;292;0;0;0;0;0;0;0;151;0;0;170;0;209;0;0;0;158;0;0;226;0;0;0;0;0;0;0;0;0;0;0;0;0;0;0;0;0;167;0;0;0;0;0;0;0;0;0;0;0;0;0;0;155;0;233;154;0;0;0;0;0;0;0;0;0;0;214;0;0;0;0;0;0;0;0;0;0;0;0;0;0;0;0;0;0;0;0;413;0;0;0;0;0;0;0;0;0;0;0;0;0;0;0;0;0;0;0;0;0;0;0;0;0;147;0;0;0;0;0;0;224;0;0;0;0;0;0;0;0;0;0;0;0;0;0;0;0;0;197;0;0;0;0;0;0;0;0;0;0;0;203;0;0;0;0;371;0;0;0;0;0;0;209;0;0;0;0;0;0;0;0;0;0;0;0;208;0;0;141;0;0;0;0;0;0;0;0;0;0;0;0;0;0;0;0;0;0;0;0;0;0;0;0;0;209;0;0;0;0;0;0;0;0;0;0;0;0;349;0;191;0;0;0;0;0;0;0;0;0;189;193;229;335;268;0;0;0;197;0;303;0;201;0;0;0;156;227;0;0;0;278;152;0;0;0;0;0;0;313;0;0;0;0;0;0;183;167;0;0;0;0;0;0;0;268;0;0;0;0;0;0;0;200;0;0;364;0;180;0;0;259;0;0;350;187;0;0;0;181;0;0;165;0;0;0;0;0;253;0;0;0;171;0;193;0;0;0;0;0;0;0;217;0;0;165;0;0;0;188;182;0;0;0;0;0;0;0;0;0;0;0;0;0;0;0;0;0;0;0;0;0;0;0;0;0;0;0;0;0;0;332;0;0;355;0;0;0;0;0;0;0;0;0;0;0;0;0;0;0;0;0;0;0;0;0;0;0;0;0;0;0;0;0;0;0;0;0;173;0;0;0;0;0;0;0;0;0;0;0;0;0;0;167;0;0;0;0;0;0;0;0;0;0;0;0;0;0;0;0;0;0;0;0;0;0;0;0;0;0;0;0;0;0;149;0;190;219;184;188;197;176;269;180;180;324;254;464;263;224;187;242;184;197;144;179;167;0;0;0;0;0;0;0;0;0;0;0;0;0;0;0;0;0;0;0;0;0;0;0;0;0;0;0;0;0;0;0;0;0;0;0;0;0;0;0;0;0;0;0;0;0;0;0;0;0;0;0;0;0;0;0;0;0;0;0;0;0;0;0;0
La.Bruyère;1696;XVII;Classicisme;0;77;34;0;32;0;0;0;54;80;50;22;0;59;0;43;0;0;0;38;31;0;0;54;0;0;0;25;54;54;0;0;17;0;0;0;0;0;19;0;0;0;0;30;0;83;0;0;33;0;31;0;0;0;0;0;0;0;41;0;0;0;307;26;0;78;0;0;0;0;0;22;21;19;0;0;36;37;21;0;18;94;39;0;0;0;0;0;0;0;0;0;0;0;86;0;89;0;0;0;0;0;0;0;0;40;0;0;44;0;57;44;0;29;0;0;0;0;22;0;316;58;0;29;0;24;0;0;0;43;189;0;0;18;0;0;19;32;0;104;0;25;50;0;0;0;0;0;0;0;0;0;0;0;0;0;38;139;0;0;0;0;65;0;0;29;0;0;32;24;32;0;15;26;22;0;0;683;37;18;0;0;34;0;0;69;0;0;0;0;0;36;19;0;134;0;0;0;36;0;0;0;0;25;45;0;0;21;0;60;28;0;0;0;0;0;62;65;62;46;0;83;0;0;0;0;44;0;0;22;0;26;0;0;0;0;27;149;0;0;56;69;31;13;0;0;41;0;83;0;0;0;29;0;92;16;0;0;0;0;30;36;17;0;0;0;0;0;62;40;0;37;0;0;0;0;0;0;0;0;0;76;0;21;31;40;26;184;0;0;108;23;0;0;31;29;0;93;75;0;0;0;18;38;0;0;0;29;0;26;0;0;0;0;0;0;0;0;83;0;0;0;0;0;0;0;0;0;37;0;0;0;0;18;0;0;0;0;33;0;0;36;27;34;0;14;25;0;0;0;0;45;0;0;0;25;49;0;0;160;89;32;35;36;0;28;0;0;0;0;15;0;0;66;0;0;122;0;0;102;61;0;39;0;0;27;44;0;0;0;0;0;0;17;0;0;0;0;0;20;35;0;0;0;0;21;0;0;0;0;0;0;22;28;24;0;107;37;37;0;31;17;21;0;0;0;0;0;0;0;0;0;0;0;0;56;0;0;0;60;0;0;14;0;75;0;19;0;39;0;12;24;0;32;0;56;0;0;17;34;51;0;103;0;0;0;0;0;0;22;37;0;0;0;0;0;0;31;0;0;15;0;0;31;0;0;0;0;0;0;15;0;0;0;0;34;0;12;0;0;18;0;0;0;0;0;0;17;0;0;57;0;0;0;20;0;0;28;0;23;0;0;0;0;0;0;0;24;0;0;40;0;0;0;0;18;0;0;21;0;0;16;0;0;0;0;0;0;0;0;0;0;11;0;0;0;0;0;0;0;0;0;0;24;0;33;0;0;0;0;0;0;0;0;0;0;0;0;0;0;0;0;0;0;26;0;0;16;22;56;38;36;0;101;36;0;15;0;16;29;59;0;0;0;47;0;0;0;0;0;0;0;0;0;0;0;0;0;90;20;0;0;0;57;25;96;0;0;0;28;0;0;0;0;0;26;0;0;12;0;23;17;26;23;0;0;40;0;25;25;0;26;11;0;0;0;64;42;0;55;68;0;0;0;0;0;0;0;0;0;0;0;0;0;0;0;0;0;0;0;0;0;0;15;0;0;0;0;0;0;0;0;0;0;0;0;0;0;17;0;0;0;0;0;0;0;0;0;0;0;0;0;0;0;0;0;0;0;0;29;0;0;0;0;0;0;0;0;0;0;0;0;0;0;0;0;0;0;0;0;0;0;0;0;0;0;0;0;0;0;0;0;0;0;0;0;0;0;0;0;0;0;0;0;0;17;0;0;0;0;0;0;0;0;0;21;0;0;0;0;0;16;0;0;0;0;0;20;0;0;0;0;0;0;0;0;0;0;0;50;0;105;0;0;0;0;0;0;0;0;0;0;0;0;0;0;0;0;0;0;0;0;0;0;0;0;0;45;0;0;0;0;0;0;0;0;0;0;0;0;0;0;0;0;0;0;0;0;0;0;0;0;0;0;0;0;0;0;0;0;0;0;0;0;0;0;0;0;0;0;0;0;0;0;0;0;0;0;0;0;0;0;0;0;0;0;0;0;15;32;15;0;0;0;0;0;0;0;0;0;0;0;0;0;0;0;0;0;0;0;0;0;0;0;0;0;0;0;0;0;0;0;0;0;0;0;0;0;0;0;0;0;0;0;0;0;0;0;0;0;0;0;0;0;0;0;0;0;0;0;0;0;0;0;0;0;0;0;0;0;0;0;0;0;0;0;0;0;0;0;0;0;0;0;0
Lamartine;1869;XIX;Romantisme;0;0;297;0;481;0;0;0;1544;541;903;426;0;281;436;0;0;0;0;0;0;0;0;0;166;0;0;299;167;0;0;391;329;656;223;0;0;510;458;0;0;0;0;0;0;148;0;0;0;0;297;259;0;162;0;0;0;0;241;425;348;183;448;1031;0;1853;0;0;0;0;0;0;0;0;0;0;0;365;406;220;448;217;161;0;315;0;0;0;0;0;0;0;0;0;1772;0;0;0;0;319;0;230;204;0;0;773;0;0;0;165;1161;0;0;0;0;171;0;0;0;0;679;141;177;0;0;0;0;0;0;538;873;243;172;489;288;452;414;212;466;621;0;463;230;181;284;196;0;0;212;362;660;0;0;0;0;0;0;0;0;0;0;0;0;0;0;0;0;0;0;0;174;0;0;945;171;0;197;1928;0;0;0;0;301;374;143;0;0;0;344;0;0;0;209;0;2086;0;163;0;236;368;0;192;370;241;442;0;0;400;0;279;171;0;334;0;104;0;1328;890;232;0;0;0;0;0;357;0;215;1027;955;147;0;317;0;0;0;167;503;736;338;730;772;423;216;0;477;0;645;0;745;0;0;0;987;0;1853;186;0;254;902;0;145;236;0;146;194;0;0;0;363;185;0;189;0;0;0;0;0;0;299;0;0;412;0;0;835;627;0;153;0;0;457;0;0;0;0;1128;611;303;0;0;0;282;0;0;0;0;150;487;0;0;0;0;0;0;0;0;0;0;214;0;0;775;0;0;159;176;0;0;225;0;0;0;331;158;206;0;297;226;0;0;0;348;0;318;0;317;0;311;558;0;697;0;0;265;0;0;0;0;0;928;1200;556;0;427;0;147;265;0;0;0;0;746;0;205;0;0;1222;0;303;540;294;0;960;0;0;0;0;212;0;0;0;0;0;0;0;0;0;0;0;0;0;0;0;0;0;0;0;0;0;0;0;199;0;0;155;199;144;264;257;155;251;0;0;0;0;0;0;0;0;0;0;0;0;0;0;0;0;0;0;160;0;0;0;0;0;0;0;0;173;0;0;0;0;0;0;0;0;0;0;0;0;0;258;193;0;0;0;0;0;0;181;0;0;0;0;0;0;0;0;0;0;0;0;0;262;0;0;0;0;0;0;0;0;0;0;0;0;0;0;0;0;0;173;0;0;0;0;194;0;0;0;211;0;0;192;0;0;258;0;0;0;0;0;0;0;0;126;0;0;0;0;0;239;0;0;0;0;0;0;0;0;0;0;0;0;0;0;0;0;0;0;0;0;217;0;0;0;0;222;0;0;0;150;0;0;200;0;0;0;0;0;0;0;0;0;0;0;0;0;0;0;0;0;0;0;0;0;0;0;0;0;0;0;0;0;0;0;0;0;0;0;147;0;0;0;0;0;247;0;161;220;0;0;0;0;0;0;0;0;0;0;0;0;185;0;0;208;0;0;0;0;0;0;0;0;0;0;0;0;0;0;0;180;0;0;452;298;0;225;0;0;0;0;0;0;0;0;0;0;0;193;0;313;248;0;0;145;0;0;0;350;179;0;190;327;0;0;217;257;0;0;0;0;215;0;248;0;222;281;185;157;281;0;363;201;0;0;0;0;0;0;0;403;151;0;201;144;0;0;0;0;0;0;0;0;0;304;269;557;0;0;257;0;0;0;0;0;0;200;0;158;0;0;0;264;0;261;0;501;0;207;0;155;0;195;277;0;0;0;299;0;136;0;243;0;0;304;0;0;0;0;0;0;0;0;0;0;0;0;0;0;0;0;0;0;189;0;0;0;0;0;0;0;0;0;0;0;0;0;0;0;0;0;0;221;0;0;0;0;0;0;0;0;175;0;0;0;0;0;199;0;0;222;0;204;0;0;0;0;145;0;0;0;144;0;0;0;0;0;0;0;0;0;0;0;0;0;0;0;0;0;0;0;0;0;0;0;0;0;0;0;0;0;0;0;0;0;0;0;0;0;0;0;0;0;0;0;0;0;0;0;0;0;0;0;158;0;0;0;0;0;0;265;0;0;0;0;0;0;0;0;0;0;0;0;0;0;0;0;0;179;198;0;0;0;0;0;0;0;0;161;180;168;181;142;208;215;152;149;216;188;154;144;193;181;162;189;156;150;155;265;153;175;161;450;208;158;203;198;331;0;0;0;0;0;0;0;0;0;0;0;0;0;0;0;0;0;0;0;0;0;0;0;0;0;0;0;0;0;0;0;0;0;0;0
Marivaux;1763;XVIII;Lumières;55;431;230;0;720;0;0;282;395;626;1148;274;0;0;0;270;0;0;0;0;152;0;81;0;0;237;0;118;318;177;0;0;138;0;64;0;97;128;102;0;0;0;0;125;0;256;0;232;314;0;296;149;0;0;0;0;0;0;156;0;0;0;960;218;0;1467;0;0;0;0;0;138;167;86;91;70;156;0;314;0;274;106;0;0;0;77;0;491;0;0;0;0;0;211;405;0;414;0;0;0;0;190;299;108;0;0;0;0;242;0;394;64;0;152;0;0;0;0;157;0;963;417;0;170;0;65;0;392;0;136;1161;0;0;67;0;957;404;170;0;404;84;145;181;0;0;0;0;0;0;0;0;0;263;0;0;0;0;595;0;0;0;0;243;0;0;0;0;0;0;0;196;0;0;545;189;0;0;2143;454;77;0;0;313;0;199;165;0;0;0;0;0;0;0;0;638;0;0;55;0;160;0;329;0;103;259;0;0;0;0;145;0;0;0;0;2720;0;643;308;491;161;200;272;250;0;125;0;51;0;797;56;0;0;0;0;0;135;421;933;1998;0;201;691;145;150;0;0;0;0;291;0;0;0;0;151;638;0;0;0;0;0;193;48;0;0;80;0;75;0;228;718;0;185;0;0;0;0;0;0;167;0;0;554;0;0;199;532;0;736;0;0;0;250;0;0;0;148;0;222;526;0;0;0;0;177;0;0;0;137;0;0;0;0;0;70;0;194;64;337;708;67;0;148;0;0;82;0;0;0;0;0;0;0;0;0;0;0;72;176;183;0;0;439;165;0;63;94;0;316;139;0;0;221;0;0;0;161;164;0;0;717;140;245;0;265;0;0;56;0;0;0;0;0;0;371;0;0;444;0;78;0;258;0;78;0;0;298;136;0;0;0;0;0;0;0;0;140;0;0;0;0;72;0;155;0;0;60;100;0;0;0;0;87;0;159;149;323;241;0;467;0;204;0;126;0;690;359;0;0;368;0;0;0;0;0;0;0;0;0;0;127;0;0;68;0;0;0;0;0;0;0;155;0;0;0;128;187;0;0;0;0;0;0;282;0;0;66;60;0;0;0;259;0;0;0;0;0;0;103;87;202;241;0;127;47;0;116;0;0;0;0;63;52;0;217;0;94;0;0;132;0;0;0;0;0;116;62;0;0;0;0;147;0;0;0;0;0;0;100;0;128;0;0;0;0;57;0;98;62;0;0;135;0;0;0;0;55;95;0;0;0;0;84;0;0;52;118;209;0;0;0;0;0;130;386;0;0;0;0;94;0;54;89;261;0;0;92;0;0;0;0;0;0;0;0;0;0;0;0;74;0;69;40;0;89;0;70;0;0;58;137;66;81;111;102;117;0;77;87;0;236;95;0;0;0;289;65;233;132;0;0;0;0;89;0;0;0;88;0;142;0;0;93;0;67;97;0;0;115;249;207;0;0;0;0;87;0;74;0;155;98;227;65;338;0;84;0;158;84;0;0;0;63;228;0;84;0;77;186;0;0;257;0;0;0;0;0;0;0;0;0;0;0;0;0;0;0;0;0;0;0;0;0;0;0;0;0;0;0;0;0;0;0;0;0;0;0;0;0;0;0;0;0;0;0;0;0;0;0;0;0;0;0;57;0;0;0;0;0;0;146;0;0;0;0;0;0;0;0;0;0;0;0;0;0;0;0;0;0;0;0;0;0;0;0;0;0;0;0;0;0;0;0;0;0;0;0;0;0;57;0;58;133;69;0;126;0;0;112;0;60;81;0;70;171;0;0;82;64;0;86;68;0;55;63;195;0;0;94;0;0;0;58;106;0;0;0;0;0;63;0;0;0;0;0;0;0;0;0;0;0;0;0;0;0;0;0;0;0;0;0;0;0;0;0;0;0;0;0;67;0;0;0;0;123;0;0;0;0;0;0;0;0;0;0;0;0;0;0;0;0;0;0;0;0;0;0;0;0;0;0;0;0;0;0;0;0;0;0;0;0;0;69;0;0;0;0;0;0;48;0;0;0;0;0;0;0;0;0;0;75;153;0;0;0;0;0;0;0;0;0;0;0;0;141;0;0;0;0;0;0;0;0;0;0;0;0;0;0;0;0;0;0;0;0;0;0;0;0;0;0;0;0;0;0;0;0;0;0;0;0;174;93;107;126;111;86;104;0;0;0;0;0;0;0;0;0;0;0;0;0;0;0;0;0;0;0;0;0;0;0;0;0;0;0;0
Molière;1673;XVII;Classicisme;67;354;62;0;128;0;0;183;449;186;616;103;0;0;0;139;47;0;0;57;0;0;0;49;0;98;0;114;104;111;0;38;100;0;92;0;79;96;89;0;0;0;0;0;0;0;0;49;85;0;37;0;31;0;0;0;0;0;40;0;0;0;928;414;0;976;0;0;0;0;0;30;0;0;28;0;0;78;113;0;318;95;0;0;0;80;0;32;0;0;27;0;100;110;352;0;177;0;0;0;0;90;223;83;0;29;0;0;109;0;81;42;0;74;0;0;0;0;0;73;391;90;0;50;0;0;0;122;0;64;390;0;0;143;0;420;200;42;0;178;25;49;78;0;28;0;0;0;0;197;0;0;32;0;0;0;0;412;0;0;0;0;0;0;0;0;0;0;0;0;0;0;0;212;39;0;0;677;307;67;0;0;0;0;0;116;0;0;0;0;0;53;0;0;376;0;0;54;41;0;0;57;0;74;263;0;0;0;0;51;77;0;56;0;510;0;306;105;221;152;84;95;190;0;51;0;28;0;122;0;0;26;0;0;0;30;152;507;942;0;138;279;53;117;0;0;72;46;171;0;0;0;87;97;491;0;0;0;0;0;99;81;0;0;34;0;0;0;171;142;0;41;110;0;0;0;0;0;34;0;0;216;0;0;123;462;32;386;0;0;0;113;0;0;80;82;0;99;182;0;0;0;0;137;0;0;0;61;0;23;0;0;0;45;0;88;0;39;361;0;0;64;0;0;68;0;0;0;97;0;0;0;0;0;0;0;68;0;99;0;0;177;83;34;0;34;0;140;62;0;0;196;0;0;0;0;73;0;0;261;63;178;0;77;0;0;0;0;0;0;0;0;0;92;0;0;0;0;0;72;78;0;57;0;0;0;120;0;0;0;0;0;0;0;0;63;0;0;0;0;34;0;34;0;0;0;38;0;0;0;0;30;0;49;0;298;68;0;319;0;129;0;76;0;0;67;0;0;186;0;0;0;0;0;0;0;0;0;0;89;0;0;108;0;0;0;0;58;0;0;31;0;0;0;0;314;0;0;54;24;0;0;101;0;0;0;47;38;0;0;90;86;0;169;44;0;25;68;0;112;123;37;60;128;0;111;30;28;0;127;37;59;36;167;89;73;0;29;120;96;95;0;0;0;57;109;46;0;0;0;78;129;48;0;27;0;0;135;45;105;77;0;0;28;0;0;0;39;49;42;47;0;0;61;32;0;45;0;53;0;0;0;27;35;0;52;90;50;61;85;0;0;71;157;0;45;0;65;70;33;0;48;114;0;0;130;46;43;0;40;0;0;0;44;0;0;61;223;47;41;65;9;0;0;0;0;33;0;0;0;49;0;0;0;40;0;0;0;0;0;45;0;22;0;147;32;88;0;0;0;0;0;47;42;0;0;67;0;98;0;0;0;0;0;0;41;0;34;0;47;0;0;0;0;0;0;0;0;77;0;0;0;62;0;0;0;101;90;0;0;0;30;107;0;111;0;31;0;0;0;87;0;0;0;0;40;0;21;0;0;0;0;0;0;0;0;0;0;0;0;0;0;0;0;0;0;0;0;0;0;0;0;0;0;0;0;0;0;0;0;0;0;0;0;0;0;0;0;0;0;133;0;0;0;23;0;0;0;0;72;0;0;0;0;0;0;0;0;0;0;0;0;0;0;0;0;0;0;0;0;0;0;0;0;0;0;24;0;0;0;0;0;0;0;0;0;0;0;0;34;32;40;27;36;30;37;36;34;151;35;40;30;45;45;23;59;59;37;36;30;62;37;56;36;81;58;0;0;0;0;0;0;0;0;0;0;0;0;0;0;0;0;0;0;0;0;0;0;0;0;0;0;0;0;0;0;0;0;0;0;0;0;0;0;0;0;0;0;0;0;0;0;0;0;0;0;0;0;0;0;0;0;0;0;0;0;0;0;0;0;0;0;0;0;0;0;0;0;0;0;0;0;0;0;0;0;0;0;0;0;0;0;0;0;0;0;0;0;0;0;0;0;0;0;0;0;0;0;0;0;0;0;0;0;0;0;0;0;0;0;0;0;0;0;0;0;0;0;0;0;0;0;0;0;0;0;0;0;0;0;0;0;0;0;0;0;0;0;0;0;0;0;0;0;0;0;0;0;0;0;0;0;0;0;0;0;0;0;0;0;0;0;0;0;0;0;0;0;0;0;0;0;0;0;0;0;0;0;0;0;0;0;0;0;0
Montesquieu;1755;XVIII;Lumières;0;246;0;0;78;40;0;0;198;50;219;168;0;58;0;268;72;174;0;141;55;0;0;216;0;0;0;65;149;206;0;49;75;0;0;0;0;41;0;0;0;0;0;47;0;63;0;201;158;0;41;0;0;0;0;0;0;72;53;0;0;0;656;55;0;142;0;0;0;0;0;0;0;0;0;73;0;236;201;0;86;153;47;0;0;203;0;0;0;47;0;0;52;0;194;0;0;0;0;0;0;0;43;360;0;102;0;0;202;167;277;109;0;0;0;0;0;0;191;0;427;848;0;121;0;0;0;132;0;162;428;0;0;51;0;123;97;58;0;141;0;57;242;0;49;0;0;0;172;64;0;0;0;0;0;0;39;386;0;0;0;0;55;452;0;118;0;0;374;0;0;0;0;37;116;0;0;875;160;0;0;0;210;0;35;125;0;0;41;0;0;0;0;0;241;0;0;0;0;0;0;86;0;239;335;0;0;0;0;172;1463;0;48;34;0;0;182;206;172;115;89;282;81;0;0;0;0;200;0;66;0;60;79;0;0;59;106;273;114;62;178;64;35;120;0;0;363;0;94;0;0;0;0;120;154;0;55;0;0;0;157;0;0;0;97;0;0;0;77;103;0;301;0;37;0;65;0;0;470;0;0;252;0;0;33;194;0;205;0;0;934;0;0;0;45;74;80;110;148;0;0;0;0;103;0;36;0;38;0;89;0;0;0;84;0;0;0;101;260;139;0;0;42;0;0;0;0;0;580;0;0;0;0;0;109;0;68;0;0;0;0;69;55;38;0;0;97;40;0;115;0;179;0;0;0;84;234;0;0;508;397;105;30;66;0;72;0;83;0;0;0;35;0;49;0;0;265;0;0;304;38;0;48;0;71;202;141;0;0;0;0;0;0;0;32;0;0;0;32;68;318;0;58;0;0;0;0;0;95;0;60;60;0;0;0;32;101;60;83;0;36;113;114;93;0;0;41;0;128;0;0;0;0;41;0;212;0;0;0;91;0;0;162;0;563;0;109;275;388;0;23;0;0;0;61;40;32;0;0;39;0;0;192;0;0;0;0;0;0;47;0;0;0;0;0;0;0;112;0;0;0;90;0;0;0;0;0;0;46;0;71;0;0;49;0;40;0;0;39;0;0;0;299;0;0;0;0;207;0;0;71;0;61;0;0;0;0;75;0;0;0;0;0;0;0;0;50;33;0;0;64;0;73;0;37;38;0;0;0;0;0;48;0;0;0;0;62;0;0;0;0;0;34;185;0;0;0;0;0;0;0;52;0;50;0;0;0;0;45;0;0;0;45;0;0;55;0;0;58;0;0;33;0;0;101;0;0;54;0;76;0;47;55;90;38;0;90;0;41;124;50;0;0;0;84;0;37;0;0;0;0;50;0;121;129;0;0;0;0;0;0;0;395;245;43;155;0;0;0;49;0;0;126;0;65;152;32;0;63;0;33;0;71;125;0;0;53;0;41;0;41;38;37;47;0;69;219;0;0;58;74;0;0;0;0;0;0;0;0;0;0;0;0;0;0;0;0;0;0;0;0;0;0;32;0;0;0;0;0;0;0;0;42;0;0;0;0;0;0;0;0;0;0;0;0;0;0;0;0;0;0;0;0;0;37;0;0;29;0;32;0;0;0;0;0;0;0;0;0;0;0;0;0;0;0;0;0;0;0;0;0;0;0;0;0;0;0;0;0;57;0;0;0;0;0;0;0;0;0;65;0;0;0;0;0;41;0;0;0;35;0;0;0;0;0;0;0;0;0;0;0;46;0;0;0;0;50;70;306;128;127;50;79;286;156;153;41;92;41;98;346;156;382;329;103;53;36;79;0;0;0;0;0;0;0;0;0;0;0;0;0;0;0;0;0;0;0;0;0;0;0;0;0;0;0;0;0;0;0;0;0;0;0;0;0;0;0;0;0;0;0;0;0;0;0;0;0;0;0;0;0;0;0;0;0;0;0;0;0;0;0;0;0;0;0;0;0;0;0;0;0;0;0;0;0;0;0;0;0;0;0;0;0;0;0;0;0;0;0;0;0;0;0;0;0;0;0;0;0;0;0;0;0;0;0;0;0;0;0;0;0;0;0;0;0;0;0;0;0;0;0;0;0;0;0;0;0;0;0;0;0;0;0;0;0;0;0;0;0;0;0;0;0;0;0;0;0;0;0;0;0;0;0;0;0;0;0;0;0;0;0;0;0;0;0
Pascal;1662;XVII;Classicisme;29;37;15;0;30;0;0;0;93;42;133;41;0;24;0;0;0;0;0;45;0;0;0;110;0;0;0;24;45;99;0;0;31;0;21;0;0;0;0;0;0;0;0;0;0;21;0;47;80;0;0;0;0;0;0;0;0;20;17;0;0;0;576;40;0;120;0;0;0;0;0;0;0;86;0;0;0;146;38;0;23;0;0;0;0;44;0;0;0;29;0;0;46;0;566;0;83;0;0;0;0;0;62;49;0;14;0;0;140;54;35;66;0;0;0;0;0;0;20;0;329;120;0;96;0;0;0;0;0;0;33;0;0;26;0;0;15;54;0;68;20;13;96;0;0;0;0;0;0;0;0;0;0;0;0;0;16;97;0;0;0;0;0;0;0;74;0;0;20;18;22;0;0;46;26;0;0;609;87;0;24;0;47;22;15;29;0;0;0;17;0;17;0;0;78;0;0;15;0;0;0;118;0;34;184;0;0;0;0;142;107;0;90;0;0;0;39;16;30;76;21;106;0;0;0;0;16;0;0;26;0;22;0;0;0;0;17;280;151;0;135;131;101;93;0;0;210;0;69;0;0;0;0;68;44;0;0;0;0;0;78;0;0;0;25;0;0;0;102;71;0;68;0;72;0;0;0;32;0;0;0;111;0;0;100;47;0;226;0;0;89;28;0;0;0;0;24;43;83;0;0;0;0;81;0;0;0;0;0;30;0;0;0;30;0;19;0;80;246;28;0;0;0;0;0;0;0;0;46;0;0;0;0;0;102;0;22;0;27;0;0;125;0;14;0;17;55;0;0;0;0;299;0;0;0;41;129;0;0;224;86;0;0;0;0;0;0;0;0;0;0;0;0;285;0;0;184;0;0;21;0;0;0;0;0;26;69;0;0;0;0;0;0;0;0;0;0;0;0;26;0;0;0;25;0;0;0;0;0;0;0;46;0;18;31;135;0;0;181;30;50;0;69;0;0;0;0;0;0;0;0;0;0;0;0;16;0;0;0;86;18;0;77;0;17;0;0;31;133;0;29;0;0;37;0;39;0;0;0;0;0;0;44;0;0;0;0;0;0;22;0;0;0;17;0;0;32;47;0;47;0;16;0;14;0;0;0;0;0;0;40;0;0;52;0;33;0;0;15;15;20;0;0;0;0;0;108;0;0;26;23;0;0;0;13;0;0;48;0;0;0;0;0;22;19;0;14;25;0;0;50;0;0;0;19;23;0;0;27;0;0;0;0;14;31;44;36;0;0;0;46;0;18;23;0;0;0;0;0;0;0;19;0;0;0;0;0;0;0;0;0;0;0;0;0;0;26;0;56;0;17;0;11;26;50;0;0;22;15;65;35;0;46;141;26;0;62;47;15;40;38;0;18;44;76;0;22;0;0;24;21;30;0;43;0;0;74;0;18;55;0;0;21;86;143;28;15;0;33;19;0;0;13;0;90;142;0;88;58;0;25;0;38;0;21;0;172;0;29;0;0;103;20;15;0;0;37;36;0;30;66;0;0;0;0;0;0;0;0;0;0;0;0;0;0;0;0;0;0;0;0;0;0;0;0;0;0;0;0;0;0;0;0;0;0;0;0;0;0;0;0;227;0;0;0;0;0;0;15;0;0;0;0;0;15;0;0;0;0;0;0;0;0;108;0;0;0;0;0;0;0;0;0;142;0;0;0;0;0;0;0;0;0;0;0;0;0;0;0;0;0;0;0;0;0;0;0;0;0;16;0;0;17;0;0;0;0;28;0;0;0;0;0;0;0;36;0;0;0;0;0;0;0;0;0;0;0;0;0;0;0;0;19;0;0;0;0;24;0;84;0;0;0;0;19;0;0;0;0;0;0;0;0;0;0;0;0;16;0;0;0;0;0;0;0;0;0;0;0;0;0;0;0;0;0;0;0;0;0;0;0;0;0;0;0;0;0;0;0;0;0;0;0;0;0;0;0;0;0;0;0;0;0;0;0;0;0;0;0;0;0;0;0;0;0;0;0;0;0;0;0;0;0;0;0;0;0;0;0;0;0;0;0;0;0;0;0;0;0;0;0;0;0;0;0;0;0;0;0;0;0;0;0;0;0;0;0;0;0;0;0;0;0;0;0;0;0;0;0;0;0;0;0;0;0;0;0;0;0;0;0;0;0;31;62;25;20;113;100;0;0;0;0;0;0;0;0;0;0;0;0;0;0;0;0;0;0;0;0;0;0;0;0;0;0
Racine;1699;XVII;Classicisme;0;0;16;0;23;0;0;113;163;70;425;54;0;0;0;0;62;51;0;0;0;0;0;20;0;0;0;23;17;26;0;0;67;31;63;0;30;123;54;0;0;0;59;0;0;0;0;0;26;0;0;31;0;0;0;0;0;21;54;0;0;0;0;241;0;527;0;0;66;0;0;0;0;0;0;55;0;16;27;0;123;63;65;0;46;125;0;0;0;18;0;17;42;0;396;0;106;0;0;0;0;135;63;44;0;0;0;0;59;0;120;147;17;19;0;0;0;0;0;58;66;40;0;36;0;0;0;0;0;33;29;0;66;60;0;140;319;31;15;167;0;31;26;0;0;26;0;0;0;147;58;0;0;0;0;0;0;0;0;0;0;0;0;0;0;42;0;0;50;0;0;0;54;47;16;0;0;32;114;40;84;0;0;29;0;51;0;0;0;0;0;0;0;0;351;0;18;19;0;86;0;0;0;25;195;0;0;20;0;17;135;0;24;0;285;0;308;0;82;34;158;0;0;0;0;0;47;27;137;0;0;18;0;0;0;19;160;30;0;0;213;68;0;0;23;0;20;0;193;0;0;0;54;50;483;0;0;0;29;0;95;24;0;0;86;0;0;0;22;53;0;0;0;19;0;14;0;0;25;0;0;72;0;0;58;318;0;0;0;0;153;0;0;0;0;83;0;58;70;0;0;0;0;33;0;0;0;53;0;22;0;0;0;67;0;0;0;0;71;0;0;75;139;0;39;0;0;0;347;0;0;0;0;0;0;0;301;0;61;0;0;22;0;0;0;65;0;77;0;53;0;0;0;27;0;17;45;0;0;163;55;57;0;44;0;0;14;18;0;0;0;24;0;19;0;0;171;0;0;0;44;0;103;0;0;0;0;0;0;0;0;0;0;0;0;23;0;0;0;0;0;0;61;0;0;0;35;0;0;0;0;23;0;0;0;131;44;0;64;0;85;21;39;0;0;27;0;0;0;0;0;0;0;0;25;0;0;0;0;0;0;0;61;0;173;0;20;51;0;0;17;0;0;0;0;254;0;0;22;0;0;0;112;0;0;34;14;15;45;15;67;0;43;64;28;27;0;0;17;23;75;33;53;43;0;82;0;0;21;119;55;0;0;126;51;57;36;16;37;40;49;21;125;44;30;115;35;59;54;21;45;60;26;0;44;38;133;207;129;0;87;16;59;26;27;0;18;26;27;28;0;50;60;0;66;38;45;0;46;0;36;69;22;46;0;43;49;0;39;75;31;26;66;391;0;0;15;30;72;35;0;68;57;20;25;23;29;70;78;44;34;76;34;56;47;79;24;123;24;57;52;0;0;0;0;0;0;0;0;0;24;0;0;0;0;0;0;0;0;0;0;0;0;0;17;0;30;32;0;0;0;0;29;0;0;18;0;0;0;0;0;0;0;18;0;35;0;14;0;0;0;0;0;0;0;0;23;0;0;21;0;0;77;0;0;59;19;72;0;34;0;0;0;0;64;71;16;0;0;0;78;0;0;0;0;0;0;0;14;0;0;0;0;0;0;0;0;0;0;0;16;0;0;0;0;0;0;14;0;0;0;0;18;0;0;0;0;0;0;0;0;0;0;0;0;0;0;0;0;0;0;0;0;0;0;0;0;0;0;0;0;0;0;0;0;0;0;0;0;0;0;0;0;0;0;0;19;0;0;0;0;0;0;0;0;0;0;0;0;83;0;0;0;40;0;0;0;0;0;0;14;0;0;0;0;13;0;0;0;0;0;19;0;0;0;23;0;0;15;0;0;0;0;0;0;0;0;0;0;0;0;18;0;0;0;0;0;0;0;0;0;0;0;0;0;0;0;38;20;92;17;22;150;22;16;0;0;0;0;0;0;0;0;0;0;0;0;0;0;0;0;0;0;0;0;0;0;0;0;0;0;0;0;0;0;0;0;0;0;0;0;0;0;0;0;0;0;0;0;0;0;0;0;0;0;0;0;0;0;0;0;0;0;0;0;0;0;0;0;0;0;0;0;0;0;0;0;0;0;0;0;0;0;0;0;0;0;0;0;0;0;0;0;0;0;0;0;0;0;0;0;0;0;0;0;0;0;0;0;0;0;0;0;0;0;0;0;0;0;0;0;0;0;0;0;0;0;0;0;0;0;0;0;0;0;0;0;0;0;0;0;0;0;0;0;0;0;0;0;0;0;0;0;0;0;0;0;0;0;0;0;0;0;0;0
Sade;1814;XVIII;Lumières;0;228;306;0;328;0;0;216;588;912;353;893;0;0;0;183;0;0;0;199;0;0;0;0;0;147;0;0;435;214;0;0;348;0;604;0;316;377;0;0;0;0;0;0;0;160;0;259;223;0;407;0;0;0;0;0;146;0;0;0;0;0;739;313;0;610;0;0;0;0;0;0;0;0;0;0;0;423;240;0;577;0;0;0;174;1083;0;0;0;0;0;0;404;0;824;0;0;0;0;165;0;288;381;276;0;0;0;0;395;0;767;0;0;0;0;0;0;0;292;0;510;712;0;250;215;0;0;152;238;164;0;0;222;241;0;0;707;146;0;1002;0;465;522;0;0;0;0;0;0;581;0;0;1600;0;0;0;197;345;0;0;0;0;399;137;0;0;0;0;0;0;0;0;0;595;148;0;0;3961;202;0;411;0;449;0;821;282;0;0;0;0;0;0;0;0;1242;0;0;0;195;276;208;0;0;142;317;0;0;233;0;0;723;0;0;0;429;0;917;499;272;399;302;544;721;0;186;0;0;0;0;0;0;270;0;149;0;248;546;792;538;0;424;430;298;480;0;0;1278;0;205;0;0;0;247;499;861;0;0;0;0;0;377;0;0;0;0;0;0;213;0;242;0;450;0;0;0;0;0;0;0;0;0;558;0;0;0;1002;0;250;0;0;268;0;0;0;0;429;0;198;1311;0;0;0;0;430;0;0;0;185;0;275;246;0;0;132;0;133;0;109;450;0;0;0;0;252;0;0;0;0;160;0;0;0;143;0;282;0;405;209;0;0;252;313;176;0;0;0;292;0;288;0;0;258;0;0;0;292;176;178;0;695;430;566;0;331;0;0;0;0;0;0;0;0;162;222;0;0;745;149;0;188;138;0;0;186;0;0;444;128;0;0;0;0;0;178;0;0;0;0;0;0;0;268;0;415;0;0;0;0;402;0;0;0;0;124;191;0;218;0;176;0;0;0;0;125;0;172;0;0;0;185;0;0;0;0;0;142;0;0;0;543;0;0;0;0;0;0;0;0;287;0;0;0;0;0;0;369;0;0;0;0;0;0;791;0;0;0;0;0;0;0;0;0;0;0;0;0;0;0;0;0;0;0;144;0;0;0;0;0;0;0;135;0;0;0;0;145;0;0;0;0;0;0;0;0;0;352;0;0;0;147;0;0;0;0;185;0;0;0;0;0;0;0;0;0;0;0;0;0;0;0;0;0;0;0;0;0;0;0;0;0;0;0;0;0;0;0;0;0;0;0;0;0;151;0;223;0;0;0;0;244;0;0;0;0;0;0;0;0;0;0;0;0;0;0;545;0;0;0;0;0;0;0;0;0;0;0;0;0;0;0;0;0;0;0;0;161;0;0;0;0;0;0;0;0;0;0;0;183;0;232;0;0;0;0;0;339;141;186;0;0;0;157;0;0;0;210;0;138;0;0;0;0;0;167;141;312;223;0;0;0;0;0;0;0;0;339;0;0;0;131;0;0;151;0;0;167;247;0;0;311;0;0;0;0;0;0;0;0;0;0;0;0;0;0;0;0;0;0;0;0;0;0;0;0;0;0;0;0;0;0;0;0;0;0;0;0;0;0;0;0;0;0;0;0;0;0;0;0;0;0;0;0;0;0;406;0;0;0;0;0;0;0;0;0;0;0;246;0;0;0;0;0;0;0;0;0;0;0;0;0;0;0;0;0;0;0;0;0;0;131;0;0;0;0;104;266;0;366;0;0;0;0;0;216;0;0;0;0;0;0;0;128;0;0;0;0;0;0;0;0;0;229;0;0;150;0;0;0;0;0;0;0;0;0;0;0;233;0;0;0;0;0;0;0;0;0;0;0;0;0;148;199;0;198;0;0;198;0;0;0;0;0;0;0;0;0;0;0;0;0;0;0;0;0;0;0;0;0;0;0;0;0;0;0;0;0;0;0;0;0;0;0;0;0;0;0;0;0;0;0;0;0;0;0;0;0;0;0;0;0;0;0;0;0;0;0;0;0;0;0;0;0;0;0;0;0;0;0;0;0;0;0;0;0;0;207;0;0;0;0;0;0;0;0;0;0;0;0;0;0;0;0;0;0;0;0;0;0;0;0;0;0;0;0;0;0;0;0;0;0;0;0;0;0;0;0;0;0;0;0;0;113;0;154;0;0;0;0;0;396;171;1198;194;155;147;532;383;318;174;151;383;894;399;310;219;220;250;132;212;139;353;159;144;150;204
Stendhal;1842;XIX;Réalisme;0;472;242;0;875;0;0;348;756;948;1138;1122;0;293;0;409;0;0;0;0;226;0;0;0;0;0;0;257;267;0;0;238;806;0;0;0;216;334;183;176;0;0;0;154;165;521;0;170;254;0;759;0;0;0;0;0;209;208;0;564;0;0;1190;165;0;817;0;222;0;0;0;147;0;0;0;0;300;0;403;0;629;520;0;196;0;158;0;278;0;0;0;0;0;0;379;0;0;0;164;0;0;202;318;0;0;169;0;0;380;207;455;203;0;0;0;169;0;0;0;0;895;437;0;292;0;0;0;477;0;353;1620;303;0;183;0;656;525;195;0;975;225;252;317;0;0;0;396;0;402;247;0;0;0;0;0;0;245;789;0;0;0;0;163;0;0;0;0;0;216;217;232;0;212;1340;238;0;0;2713;442;0;262;187;1010;0;630;297;0;0;313;0;0;0;142;0;1861;0;221;0;0;272;365;811;0;0;497;180;0;0;0;296;0;0;0;0;2043;0;536;600;267;0;499;286;344;0;441;0;0;0;460;0;0;403;631;222;0;583;1032;964;809;0;639;1162;280;267;0;0;0;0;596;0;0;0;330;158;1235;0;200;0;0;0;342;0;0;0;0;0;0;0;427;214;0;254;0;0;0;0;0;0;373;0;0;602;0;0;207;1110;171;497;0;0;197;358;0;192;156;438;151;425;646;0;0;0;0;308;0;0;0;524;0;0;0;0;278;0;0;208;0;270;389;0;0;292;0;0;0;0;0;0;408;160;0;0;231;431;345;160;208;145;0;0;0;393;147;235;0;229;331;164;635;289;0;257;0;209;0;238;191;0;0;769;261;527;0;215;0;0;0;0;0;0;0;0;0;335;0;0;1101;0;0;482;0;197;411;0;408;291;246;0;0;0;0;0;0;0;0;0;0;0;153;0;0;978;303;0;0;0;177;156;1044;0;0;0;149;0;191;151;303;168;324;0;216;0;0;276;391;242;0;0;188;736;0;0;0;0;0;0;190;0;0;527;221;266;175;174;989;0;182;0;0;0;214;0;512;0;0;197;0;0;210;162;151;0;182;0;0;0;0;0;0;0;233;0;0;0;0;0;0;0;0;0;0;0;0;0;0;264;0;0;0;0;0;0;0;0;0;190;0;194;0;0;0;0;0;193;0;0;0;0;0;0;158;0;0;0;0;0;0;0;150;167;0;0;0;0;158;0;0;0;0;0;181;198;256;0;0;0;0;0;215;0;0;0;0;0;0;0;167;0;0;0;0;0;0;166;0;0;0;0;0;0;0;0;0;0;0;172;0;0;0;0;0;0;0;0;0;0;0;0;0;0;0;0;0;0;0;0;0;0;0;0;0;0;0;0;0;230;0;0;0;0;0;0;0;0;468;0;212;0;0;222;0;0;0;0;0;0;0;0;160;0;0;0;0;149;0;0;0;0;759;273;0;0;0;0;0;0;159;0;0;0;0;0;232;0;0;0;184;0;0;0;0;0;0;0;0;0;0;225;0;0;256;0;0;0;0;0;0;0;0;0;0;0;0;0;0;0;0;0;0;0;0;0;0;0;0;0;0;0;0;0;0;0;0;0;0;0;0;0;0;0;0;0;0;0;0;0;0;0;0;0;146;0;0;0;0;0;0;0;0;240;0;0;0;0;0;0;0;0;0;0;0;0;0;0;0;0;0;0;0;0;0;0;0;0;0;0;0;0;0;0;0;0;0;0;0;0;0;0;192;0;0;0;0;0;0;0;0;0;0;0;0;0;0;0;0;0;0;0;0;0;0;0;0;0;0;154;0;0;0;0;0;185;0;0;0;214;0;0;0;0;0;0;0;236;0;0;0;0;0;0;0;0;0;0;0;280;180;152;159;213;168;136;171;156;186;298;143;153;213;177;165;227;335;0;0;0;0;0;0;0;0;0;0;0;0;0;0;0;0;0;0;0;0;0;0;0;0;0;0;0;0;0;0;0;0;0;0;0;0;0;0;0;0;0;0;0;0;0;0;0;0;0;0;0;0;0;0;0;0;0;0;0;0;0;0;0;0;0;0;0;0;0;0;0;0;0;0;0;0;0;0;0;0;0;0;0;0;0;0;0;0;0;0;0;0;0;0;0;0;0;0;0;0;0;0;0;0;0;0;0;0;0;0;0;0;0;0;0;0;0;0;0;0;0;0;0;0;0;0;0;0;0;0;0;0;0;0;0;0;0;0;0;0;0;0
Verlaine;1896;XIX;Symbolisme;0;0;0;0;68;0;0;30;157;29;131;23;0;0;29;12;17;0;0;13;0;14;0;0;9;10;11;11;18;11;0;43;34;13;25;0;27;42;37;0;0;0;0;16;0;0;0;0;16;49;19;23;20;28;0;0;0;0;29;11;28;10;69;77;0;225;12;0;22;0;0;0;0;0;0;14;0;35;8;0;33;0;0;0;28;17;0;16;0;0;11;0;23;10;102;0;0;0;0;15;9;23;25;14;0;41;0;0;0;0;58;9;0;11;0;0;0;0;0;38;46;0;14;0;0;0;10;14;0;0;61;0;13;37;0;18;36;28;51;34;9;30;13;0;12;13;0;0;15;14;35;0;0;0;0;0;0;14;0;21;0;0;15;0;0;0;0;0;14;0;0;0;10;58;12;0;12;75;13;0;23;0;0;7;31;0;0;0;13;0;0;14;0;0;105;0;0;0;0;20;0;9;21;0;21;0;0;22;0;13;18;19;25;0;15;0;95;10;17;20;21;12;0;0;18;0;17;33;36;0;9;0;0;0;0;8;15;48;15;0;97;33;0;0;19;14;11;0;30;0;0;0;64;0;164;11;0;28;57;0;11;17;0;0;29;0;0;0;21;13;0;0;24;0;0;10;0;0;12;12;0;23;0;0;34;12;0;12;0;0;0;33;0;0;0;41;17;12;18;0;0;0;23;25;0;0;0;14;0;0;0;8;0;13;0;9;0;0;25;0;0;34;18;0;0;58;22;0;28;0;0;0;26;0;27;0;45;0;9;0;0;0;0;12;9;21;0;17;43;18;54;12;0;15;0;0;0;0;0;58;36;52;0;37;0;14;42;0;0;0;0;57;0;10;0;0;54;18;0;23;0;0;89;0;0;0;0;23;0;0;0;0;0;0;0;0;0;0;0;0;0;0;9;0;0;0;12;0;0;0;0;19;0;13;0;31;0;0;38;0;38;0;0;0;0;0;0;0;0;12;0;0;0;0;0;0;0;0;0;10;15;0;0;12;0;0;0;0;0;0;0;12;0;8;0;17;12;16;0;10;0;0;16;0;16;6;0;0;0;0;0;0;0;8;0;0;0;0;0;0;12;0;8;0;29;8;0;0;0;0;6;12;0;13;0;17;0;11;25;12;22;11;0;16;0;9;0;0;0;0;0;27;0;0;13;0;0;41;13;0;0;0;0;0;0;0;0;0;0;0;0;36;0;0;0;0;14;0;0;0;0;0;0;19;0;0;0;0;0;0;0;0;0;20;0;15;0;0;0;0;0;10;0;0;0;9;0;0;0;0;0;19;0;0;0;0;0;26;0;0;0;0;0;0;0;0;0;0;0;0;0;0;0;0;0;0;0;0;0;0;0;0;0;0;17;13;0;9;0;0;0;0;0;0;0;0;0;0;0;0;0;0;0;0;0;0;0;0;19;0;0;0;0;0;0;0;0;0;0;0;0;0;13;0;0;26;26;0;0;0;0;0;18;0;0;0;0;0;0;0;0;0;32;10;30;0;13;11;0;0;0;0;11;0;15;0;37;11;10;20;10;0;0;0;0;0;0;0;0;0;15;14;10;9;0;0;0;0;0;0;0;0;0;0;0;0;0;0;17;0;0;0;0;0;3;0;10;13;23;0;0;18;0;23;0;0;0;0;8;0;0;0;18;17;13;0;21;0;18;9;0;0;0;8;10;0;0;0;10;0;9;0;0;0;0;0;0;0;0;0;0;0;0;0;0;0;0;0;0;0;0;0;0;0;0;12;13;0;0;0;0;0;8;0;0;0;0;0;0;0;0;0;0;0;0;0;0;0;0;0;0;0;0;0;0;0;0;0;13;0;0;0;17;22;0;0;0;0;0;0;0;0;0;0;0;0;0;0;0;0;0;0;0;9;0;0;0;0;0;0;0;0;0;0;0;0;0;0;0;0;0;11;0;0;0;0;0;0;10;0;12;0;0;0;0;0;0;0;0;0;0;0;0;0;0;17;0;0;0;0;0;0;14;12;0;0;0;0;0;0;0;18;0;0;0;0;0;0;0;0;16;10;0;0;0;14;0;0;0;0;0;0;11;0;0;0;0;0;0;0;0;0;0;0;0;0;0;0;0;0;9;0;0;0;0;0;10;0;0;0;0;0;0;0;0;0;0;0;0;0;0;0;0;0;0;0;0;0;0;0;0;0;0;0;0;0;0;0;0;9;0;0;0;0;0
Zola;1902;XIX;Naturalisme;0;1176;330;0;3238;0;0;269;0;1013;722;1290;0;618;651;1328;0;285;0;0;0;0;0;0;0;0;0;0;1069;0;0;594;476;565;721;0;1449;1859;1051;308;409;521;0;403;0;0;0;0;354;508;1666;390;0;0;333;0;0;468;506;551;689;335;2002;836;0;1466;1205;0;0;0;0;372;301;0;0;322;324;904;1237;270;3157;465;242;351;698;0;0;1363;0;0;315;0;529;429;1587;0;0;0;661;618;590;364;1065;325;396;1237;0;0;634;528;2481;0;0;243;1162;0;523;0;0;286;0;312;0;0;379;0;1696;584;0;733;4210;1122;444;736;287;2331;737;633;483;1953;0;1907;645;0;0;494;1187;0;0;858;295;0;871;0;0;0;0;739;0;967;289;0;0;0;0;0;0;286;0;380;0;0;0;3710;898;0;0;4330;283;339;0;442;1527;0;1192;0;298;656;602;665;0;330;274;0;3708;0;612;0;0;689;688;508;766;0;389;0;342;1131;0;295;0;644;461;337;3072;0;3386;2163;679;532;301;0;1041;0;1474;292;0;258;1807;242;474;2143;0;849;0;908;1312;1712;1946;0;1247;1174;431;0;812;0;0;540;776;0;0;0;1694;0;4047;386;0;0;894;564;603;709;528;0;414;0;504;0;984;608;0;388;0;268;0;0;0;0;410;0;536;934;0;0;456;1552;0;1062;0;0;270;1008;0;434;1173;1444;550;1064;507;425;0;0;0;561;0;0;284;2528;0;291;0;0;0;0;0;0;488;478;576;0;0;1215;0;0;246;432;869;0;0;0;0;496;709;1842;682;830;877;339;0;547;0;0;364;0;283;1231;304;580;1796;409;1061;643;709;280;0;1249;0;0;282;1268;1501;3208;0;964;708;913;480;0;0;0;608;473;470;355;470;0;1469;537;255;854;903;627;2520;0;1181;0;0;0;0;0;0;0;0;456;0;0;0;0;0;0;0;543;290;0;351;0;0;282;0;0;0;0;0;341;363;253;497;0;380;0;708;0;0;0;371;269;0;0;462;0;0;427;0;302;372;0;0;0;0;521;338;0;0;570;0;0;0;0;0;0;0;587;814;0;280;0;289;646;235;1330;0;340;0;0;419;0;0;0;0;0;0;0;0;0;0;0;0;0;0;0;0;261;0;0;0;597;0;0;0;0;322;0;0;0;0;0;0;0;334;272;379;0;0;0;0;0;0;0;0;0;0;420;0;0;0;0;0;0;0;0;0;0;0;0;0;0;240;0;0;0;0;0;0;0;0;0;0;0;0;0;258;0;0;0;0;0;0;0;0;0;0;0;0;0;0;0;0;0;0;0;0;0;430;0;0;0;0;0;0;0;0;0;0;0;0;0;0;0;247;0;0;0;0;0;0;0;305;0;0;0;0;0;0;0;0;290;0;0;0;0;0;0;0;0;374;0;322;478;0;0;0;0;0;0;0;0;0;387;0;0;351;0;0;0;0;0;646;0;1144;0;0;0;0;0;0;0;0;0;0;0;0;0;546;0;0;0;0;0;0;0;0;0;241;0;0;0;0;0;0;0;417;237;0;0;326;740;0;0;0;332;0;0;392;300;342;367;0;0;0;554;0;302;0;0;379;282;0;0;0;0;306;0;0;0;0;0;0;0;0;682;0;0;0;0;0;268;629;262;0;498;284;0;0;0;392;182;0;0;468;0;283;353;0;0;358;0;0;0;552;365;0;0;0;0;0;0;0;0;340;316;0;0;0;440;289;0;368;0;442;0;311;0;276;0;268;510;0;0;0;0;0;0;0;0;0;0;0;0;0;0;263;0;0;299;0;0;0;0;258;0;0;0;0;314;0;280;284;0;0;0;0;0;0;467;0;0;0;0;0;0;0;0;0;0;0;0;241;0;0;0;0;0;0;0;0;0;0;0;0;0;0;0;0;0;239;0;0;0;0;0;0;274;276;306;254;278;454;349;240;290;459;235;268;368;269;280;277;247;353;259;285;602;248;258;340;300;279;344;426;245;485;296;221;271;529;419;377;382;266;309;341;274;237;213;248;368;280;264;385;460;317;234;483;265;263;347;413;576;0;0;0;0;0;0;0;0;0;0;0;0;0;0;0;0;0;0;0;0;0;0;0;0;0;0;0;0;0;0;0;0;0;0;0;0;0;0;0;0;0;0;0;0;0;0;0;0;0;0;0;0;0;0;0;0;0;0;0;0;0;0;0;0;0;0;0;0;0;0;0;0;0;0;0;0;0;0;0;0;0;0;0;0;0;0;0
